source_class	candidate_mechanisms	inspection_level	notes
AbstractBannerBlock	ATTACHMENT_STANDING_WALL_OR_HANGING	SOURCE_PATTERN_SCANNED_SEMANTIC_REVIEW_PENDING	Family candidate by source name; source patterns: none; directionProperties=false; worldAxisCalls=false. Inheritance/overrides/NeoForge review pending
AbstractCandleBlock	LOCAL_SUPPORT_CENTER_CEILING	SOURCE_PATTERN_SCANNED_SEMANTIC_REVIEW_PENDING	Family candidate by source name; source patterns: none; directionProperties=false; worldAxisCalls=false. Inheritance/overrides/NeoForge review pending
AbstractCauldronBlock	FLUID_WATERLOGGED_CONTEXT	SOURCE_PATTERN_SCANNED_SEMANTIC_REVIEW_PENDING	Family candidate by source name; source patterns: useItemOn,tick,getShape; directionProperties=false; worldAxisCalls=false. Inheritance/overrides/NeoForge review pending
AbstractChestBlock	MULTIBLOCK_PAIR_LAYOUT	SOURCE_METHODS_SPOT_CHECKED	Inspected source methods and inherited behavior; verify all NeoForge subclass paths
AbstractFurnaceBlock	PLACEMENT_INPUT_FULL_OR_HORIZONTAL	SOURCE_METHODS_SPOT_CHECKED	Inspected source methods and inherited behavior; verify all NeoForge subclass paths
AbstractSkullBlock	ATTACHMENT_STANDING_WALL_OR_HANGING	SOURCE_PATTERN_SCANNED_SEMANTIC_REVIEW_PENDING	Family candidate by source name; source patterns: getStateForPlacement,neighborChanged; directionProperties=false; worldAxisCalls=false. Inheritance/overrides/NeoForge review pending
AirBlock	SOURCE_SCANNED_OTHER_OR_INHERITED	SOURCE_PATTERN_SCANNED_SEMANTIC_REVIEW_PENDING	Source pattern scan, not semantic acceptance: no direct lifecycle method match; inherited overrides need review
AmethystBlock	SOURCE_SCANNED_OTHER_OR_INHERITED	SOURCE_PATTERN_SCANNED_SEMANTIC_REVIEW_PENDING	Source pattern scan, not semantic acceptance: no direct lifecycle method match; inherited overrides need review
AmethystClusterBlock	ATTACHMENT_STANDING_WALL_OR_HANGING	SOURCE_PATTERN_SCANNED_SEMANTIC_REVIEW_PENDING	Family candidate by source name; source patterns: getStateForPlacement,canSurvive,updateShape,rotate,mirror,getShape; directionProperties=true; worldAxisCalls=true. Inheritance/overrides/NeoForge review pending
AnvilBlock	PLACEMENT_INPUT_FULL_OR_HORIZONTAL	SOURCE_PATTERN_SCANNED_SEMANTIC_REVIEW_PENDING	Family candidate by source name; source patterns: getStateForPlacement,rotate,useWithoutItem,getShape; directionProperties=true; worldAxisCalls=false. Inheritance/overrides/NeoForge review pending
AttachedStemBlock	LOCAL_SURVIVAL_AND_PLANT_GROWTH;STATE_ROTATION_AND_STRUCTURE	SOURCE_METHODS_SPOT_CHECKED	Inspected source methods and inherited behavior; verify all NeoForge subclass paths
AzaleaBlock	LOCAL_SURVIVAL_AND_PLANT_GROWTH	SOURCE_PATTERN_SCANNED_SEMANTIC_REVIEW_PENDING	Family candidate by source name; source patterns: getShape; directionProperties=false; worldAxisCalls=true. Inheritance/overrides/NeoForge review pending
BambooSaplingBlock	LOCAL_SURVIVAL_AND_PLANT_GROWTH	SOURCE_PATTERN_SCANNED_SEMANTIC_REVIEW_PENDING	Family candidate by source name; source patterns: canSurvive,updateShape,randomTick,getShape; directionProperties=false; worldAxisCalls=true. Inheritance/overrides/NeoForge review pending
BambooStalkBlock	LOCAL_SURVIVAL_AND_PLANT_GROWTH	SOURCE_PATTERN_SCANNED_SEMANTIC_REVIEW_PENDING	Family candidate by source name; source patterns: getStateForPlacement,canSurvive,updateShape,randomTick,tick,getShape; directionProperties=false; worldAxisCalls=true. Inheritance/overrides/NeoForge review pending
BannerBlock	ATTACHMENT_STANDING_WALL_OR_HANGING	SOURCE_PATTERN_SCANNED_SEMANTIC_REVIEW_PENDING	Family candidate by source name; source patterns: getStateForPlacement,canSurvive,updateShape,rotate,mirror,getShape; directionProperties=true; worldAxisCalls=true. Inheritance/overrides/NeoForge review pending
BarrelBlock	PLACEMENT_INPUT_FULL_OR_HORIZONTAL	SOURCE_PATTERN_SCANNED_SEMANTIC_REVIEW_PENDING	Family candidate by source name; source patterns: getStateForPlacement,rotate,mirror,useWithoutItem,tick; directionProperties=true; worldAxisCalls=false. Inheritance/overrides/NeoForge review pending
BarrierBlock	SOURCE_SCANNED_OTHER_OR_INHERITED	SOURCE_PATTERN_SCANNED_SEMANTIC_REVIEW_PENDING	Source pattern scan, not semantic acceptance: getStateForPlacement,updateShape; inherited overrides need review
BaseCoralFanBlock	ATTACHMENT_STANDING_WALL_OR_HANGING	SOURCE_METHODS_SPOT_CHECKED	Inspected source methods and inherited behavior; verify all NeoForge subclass paths
BaseCoralPlantBlock	SOURCE_SCANNED_OTHER_OR_INHERITED	SOURCE_PATTERN_SCANNED_SEMANTIC_REVIEW_PENDING	Source pattern scan, not semantic acceptance: no direct lifecycle method match; inherited overrides need review
BaseCoralPlantTypeBlock	SOURCE_SCANNED_WORLD_AXIS_CANDIDATE	SOURCE_PATTERN_SCANNED_SEMANTIC_REVIEW_PENDING	Source pattern scan, not semantic acceptance: getStateForPlacement,canSurvive,updateShape; inherited overrides need review
BaseCoralWallFanBlock	ATTACHMENT_STANDING_WALL_OR_HANGING	SOURCE_PATTERN_SCANNED_SEMANTIC_REVIEW_PENDING	Family candidate by source name; source patterns: getStateForPlacement,canSurvive,updateShape,rotate,mirror,getShape; directionProperties=true; worldAxisCalls=false. Inheritance/overrides/NeoForge review pending
BaseEntityBlock	SOURCE_SCANNED_OTHER_OR_INHERITED	SOURCE_PATTERN_SCANNED_SEMANTIC_REVIEW_PENDING	Source pattern scan, not semantic acceptance: no direct lifecycle method match; inherited overrides need review
BaseFireBlock	SIGNAL_MACHINE_INTERACTION	SOURCE_PATTERN_SCANNED_SEMANTIC_REVIEW_PENDING	Family candidate by source name; source patterns: getStateForPlacement,canSurvive,onPlace,getShape; directionProperties=false; worldAxisCalls=true. Inheritance/overrides/NeoForge review pending
BasePressurePlateBlock	LOCAL_SUPPORT_CENTER_CEILING	SOURCE_PATTERN_SCANNED_SEMANTIC_REVIEW_PENDING	Family candidate by source name; source patterns: canSurvive,updateShape,tick,getShape; directionProperties=false; worldAxisCalls=true. Inheritance/overrides/NeoForge review pending
BaseRailBlock	RAIL_SLOPE_GRAPH	SOURCE_METHODS_SPOT_CHECKED	Family candidate; confirm subclass overrides and platform patches
BaseTorchBlock	ATTACHMENT_STANDING_WALL_OR_HANGING	SOURCE_PATTERN_SCANNED_SEMANTIC_REVIEW_PENDING	Family candidate by source name; source patterns: canSurvive,updateShape,getShape; directionProperties=false; worldAxisCalls=true. Inheritance/overrides/NeoForge review pending
BeaconBeamBlock	SOURCE_SCANNED_OTHER_OR_INHERITED	SOURCE_PATTERN_SCANNED_SEMANTIC_REVIEW_PENDING	Source pattern scan, not semantic acceptance: no direct lifecycle method match; inherited overrides need review
BeaconBlock	SOURCE_SCANNED_ITEM_INTERACTION_CANDIDATE	SOURCE_PATTERN_SCANNED_SEMANTIC_REVIEW_PENDING	Source pattern scan, not semantic acceptance: useWithoutItem; inherited overrides need review
BedBlock	MULTIBLOCK_PAIR_LAYOUT	SOURCE_METHODS_SPOT_CHECKED	Family candidate; confirm subclass overrides and platform patches
BeehiveBlock	PLACEMENT_INPUT_FULL_OR_HORIZONTAL	SOURCE_PATTERN_SCANNED_SEMANTIC_REVIEW_PENDING	Family candidate by source name; source patterns: getStateForPlacement,updateShape,rotate,mirror,useItemOn; directionProperties=true; worldAxisCalls=true. Inheritance/overrides/NeoForge review pending
BeetrootBlock	LOCAL_SURVIVAL_AND_PLANT_GROWTH	SOURCE_PATTERN_SCANNED_SEMANTIC_REVIEW_PENDING	Family candidate by source name; source patterns: randomTick,getShape; directionProperties=false; worldAxisCalls=false. Inheritance/overrides/NeoForge review pending
BellBlock	ATTACHMENT_STANDING_WALL_OR_HANGING	SOURCE_PATTERN_SCANNED_SEMANTIC_REVIEW_PENDING	Family candidate by source name; source patterns: getStateForPlacement,canSurvive,updateShape,neighborChanged,rotate,mirror,useWithoutItem,getShape; directionProperties=true; worldAxisCalls=true. Inheritance/overrides/NeoForge review pending
BigDripleafBlock	MULTIBLOCK_PAIR_LAYOUT	INDEXED_ONLY	Family candidate; confirm subclass overrides and platform patches
BigDripleafStemBlock	MULTIBLOCK_PAIR_LAYOUT	INDEXED_ONLY	Family candidate; confirm subclass overrides and platform patches
BlastFurnaceBlock	PLACEMENT_INPUT_FULL_OR_HORIZONTAL	INDEXED_ONLY	Family candidate; confirm subclass overrides and platform patches
Block	SOURCE_SCANNED_WORLD_AXIS_CANDIDATE	SOURCE_PATTERN_SCANNED_SEMANTIC_REVIEW_PENDING	Source pattern scan, not semantic acceptance: getStateForPlacement,updateShape,setPlacedBy; inherited overrides need review
BlockTypes	SOURCE_SCANNED_OTHER_OR_INHERITED	SOURCE_PATTERN_SCANNED_SEMANTIC_REVIEW_PENDING	Source pattern scan, not semantic acceptance: no direct lifecycle method match; inherited overrides need review
Blocks	SOURCE_SCANNED_STATE_ORIENTATION_CANDIDATE	SOURCE_PATTERN_SCANNED_SEMANTIC_REVIEW_PENDING	Source pattern scan, not semantic acceptance: no direct lifecycle method match; inherited overrides need review
BonemealableBlock	SOURCE_SCANNED_WORLD_AXIS_CANDIDATE	SOURCE_PATTERN_SCANNED_SEMANTIC_REVIEW_PENDING	Source pattern scan, not semantic acceptance: no direct lifecycle method match; inherited overrides need review
BrewingStandBlock	SOURCE_SCANNED_ITEM_INTERACTION_CANDIDATE	SOURCE_PATTERN_SCANNED_SEMANTIC_REVIEW_PENDING	Source pattern scan, not semantic acceptance: useWithoutItem; inherited overrides need review
BrushableBlock	FALLING_CHAIN_TRIGGER	INDEXED_ONLY	Family candidate; confirm subclass overrides and platform patches
BubbleColumnBlock	FLUID_WATERLOGGED_CONTEXT	INDEXED_ONLY	Family candidate; confirm subclass overrides and platform patches
BucketPickup	FLUID_WATERLOGGED_CONTEXT	INDEXED_ONLY	Family candidate; confirm subclass overrides and platform patches
BuddingAmethystBlock	SOURCE_SCANNED_STATE_ORIENTATION_CANDIDATE	SOURCE_PATTERN_SCANNED_SEMANTIC_REVIEW_PENDING	Source pattern scan, not semantic acceptance: randomTick; inherited overrides need review
BushBlock	LOCAL_SURVIVAL_AND_PLANT_GROWTH	SOURCE_METHODS_SPOT_CHECKED	Family candidate; confirm subclass overrides and platform patches
ButtonBlock	ATTACHMENT_STANDING_WALL_OR_HANGING;SIGNAL_MACHINE_INTERACTION	INDEXED_ONLY	Family candidate; confirm subclass overrides and platform patches
CactusBlock	LOCAL_SURVIVAL_AND_PLANT_GROWTH	INDEXED_ONLY	Family candidate; confirm subclass overrides and platform patches
CakeBlock	LOCAL_SUPPORT_CENTER_CEILING	SOURCE_METHODS_SPOT_CHECKED	Family candidate; confirm subclass overrides and platform patches
CalibratedSculkSensorBlock	SIGNAL_MACHINE_INTERACTION	INDEXED_ONLY	Family candidate; confirm subclass overrides and platform patches
CampfireBlock	SOURCE_SCANNED_STATE_ORIENTATION_CANDIDATE	SOURCE_PATTERN_SCANNED_SEMANTIC_REVIEW_PENDING	Source pattern scan only, semantic review pending: getStateForPlacement,updateShape,rotate,mirror,useItemOn
CandleBlock	LOCAL_SUPPORT_CENTER_CEILING	SOURCE_METHODS_SPOT_CHECKED	Family candidate; confirm subclass overrides and platform patches
CandleCakeBlock	LOCAL_SUPPORT_CENTER_CEILING	SOURCE_METHODS_SPOT_CHECKED	Family candidate; confirm subclass overrides and platform patches
CarpetBlock	HALF_ROTATION_AND_SHAPE	INDEXED_ONLY	Family candidate; confirm subclass overrides and platform patches
CarrotBlock	LOCAL_SURVIVAL_AND_PLANT_GROWTH	INDEXED_ONLY	Family candidate; confirm subclass overrides and platform patches
CartographyTableBlock	SOURCE_SCANNED_ITEM_INTERACTION_CANDIDATE	SOURCE_PATTERN_SCANNED_SEMANTIC_REVIEW_PENDING	Source pattern scan only, semantic review pending: useWithoutItem
CarvedPumpkinBlock	SOURCE_SCANNED_STATE_ORIENTATION_CANDIDATE	SOURCE_PATTERN_SCANNED_SEMANTIC_REVIEW_PENDING	Source pattern scan only, semantic review pending: getStateForPlacement,onPlace
CauldronBlock	FLUID_WATERLOGGED_CONTEXT	INDEXED_ONLY	Family candidate; confirm subclass overrides and platform patches
CaveVines	SOURCE_SCANNED_OTHER_OR_INHERITED	SOURCE_PATTERN_SCANNED_SEMANTIC_REVIEW_PENDING	Source pattern scan only, semantic review pending: no lifecycle matches
CaveVinesBlock	LOCAL_SURVIVAL_AND_PLANT_GROWTH	SOURCE_METHODS_SPOT_CHECKED	Inspected source methods and inherited behavior; verify all NeoForge subclass paths
CaveVinesPlantBlock	LOCAL_SURVIVAL_AND_PLANT_GROWTH	SOURCE_METHODS_SPOT_CHECKED	Inspected source methods and inherited behavior; verify all NeoForge subclass paths
CeilingHangingSignBlock	ATTACHMENT_STANDING_WALL_OR_HANGING	SOURCE_METHODS_SPOT_CHECKED	Family candidate; confirm subclass overrides and platform patches
ChainBlock	HALF_ROTATION_AND_SHAPE	SOURCE_METHODS_SPOT_CHECKED	Family candidate; confirm subclass overrides and platform patches
ChangeOverTimeBlock	SOURCE_SCANNED_OTHER_OR_INHERITED	SOURCE_PATTERN_SCANNED_SEMANTIC_REVIEW_PENDING	Source pattern scan only, semantic review pending: no lifecycle matches
CherryLeavesBlock	LOCAL_SURVIVAL_AND_PLANT_GROWTH	INDEXED_ONLY	Family candidate; confirm subclass overrides and platform patches
ChestBlock	MULTIBLOCK_PAIR_LAYOUT	SOURCE_METHODS_SPOT_CHECKED	Family candidate; confirm subclass overrides and platform patches
ChiseledBookShelfBlock	PLACEMENT_INPUT_FULL_OR_HORIZONTAL;SIGNAL_MACHINE_INTERACTION	SOURCE_METHODS_SPOT_CHECKED	Inspected source methods and inherited behavior; verify all NeoForge subclass paths
ChorusFlowerBlock	LOCAL_SURVIVAL_AND_PLANT_GROWTH	INDEXED_ONLY	Family candidate; confirm subclass overrides and platform patches
ChorusPlantBlock	LOCAL_SURVIVAL_AND_PLANT_GROWTH	INDEXED_ONLY	Family candidate; confirm subclass overrides and platform patches
CocoaBlock	ATTACHMENT_STANDING_WALL_OR_HANGING;LOCAL_SURVIVAL_AND_PLANT_GROWTH	SOURCE_METHODS_SPOT_CHECKED	Inspected source methods and inherited behavior; verify all NeoForge subclass paths
ColoredFallingBlock	FALLING_CHAIN_TRIGGER	INDEXED_ONLY	Family candidate; confirm subclass overrides and platform patches
CommandBlock	SOURCE_SCANNED_STATE_ORIENTATION_CANDIDATE	SOURCE_PATTERN_SCANNED_SEMANTIC_REVIEW_PENDING	Source pattern scan only, semantic review pending: getStateForPlacement,neighborChanged,setPlacedBy,rotate,mirror,useWithoutItem,tick
ComparatorBlock	LOCAL_SUPPORT_CENTER_CEILING;SIGNAL_MACHINE_INTERACTION	INDEXED_ONLY	Family candidate; confirm subclass overrides and platform patches
ComposterBlock	SOURCE_SCANNED_WORLD_AXIS_CANDIDATE	SOURCE_PATTERN_SCANNED_SEMANTIC_REVIEW_PENDING	Source pattern scan only, semantic review pending: onPlace,useItemOn,useWithoutItem,tick
ConcretePowderBlock	FALLING_CHAIN_TRIGGER	INDEXED_ONLY	Family candidate; confirm subclass overrides and platform patches
ConduitBlock	FLUID_WATERLOGGED_CONTEXT	SOURCE_METHODS_SPOT_CHECKED	Inspected source methods and inherited behavior; verify all NeoForge subclass paths
CopperBulbBlock	SIGNAL_MACHINE_INTERACTION	SOURCE_METHODS_SPOT_CHECKED	Inspected source methods and inherited behavior; verify all NeoForge subclass paths
CoralBlock	SOURCE_SCANNED_OTHER_OR_INHERITED	SOURCE_PATTERN_SCANNED_SEMANTIC_REVIEW_PENDING	Source pattern scan only, semantic review pending: getStateForPlacement,updateShape,tick
CoralFanBlock	SOURCE_SCANNED_WORLD_AXIS_CANDIDATE	SOURCE_PATTERN_SCANNED_SEMANTIC_REVIEW_PENDING	Source pattern scan only, semantic review pending: canSurvive,updateShape,onPlace,tick
CoralPlantBlock	SOURCE_SCANNED_WORLD_AXIS_CANDIDATE	SOURCE_PATTERN_SCANNED_SEMANTIC_REVIEW_PENDING	Source pattern scan only, semantic review pending: canSurvive,updateShape,onPlace,tick
CoralWallFanBlock	ATTACHMENT_STANDING_WALL_OR_HANGING	INDEXED_ONLY	Family candidate; confirm subclass overrides and platform patches
CrafterBlock	PLACEMENT_INPUT_FULL_OR_HORIZONTAL;SIGNAL_MACHINE_INTERACTION;STATE_ROTATION_AND_STRUCTURE	SOURCE_METHODS_SPOT_CHECKED	Family candidate; confirm subclass overrides and platform patches
CraftingTableBlock	SOURCE_SCANNED_ITEM_INTERACTION_CANDIDATE	SOURCE_PATTERN_SCANNED_SEMANTIC_REVIEW_PENDING	Source pattern scan only, semantic review pending: useWithoutItem
CropBlock	LOCAL_SURVIVAL_AND_PLANT_GROWTH	INDEXED_ONLY	Family candidate; confirm subclass overrides and platform patches
CrossCollisionBlock	TANGENT_GRAPH_AND_SIX_FACE_GRAPH	INDEXED_ONLY	Family candidate; confirm subclass overrides and platform patches
CryingObsidianBlock	SOURCE_SCANNED_WORLD_AXIS_CANDIDATE	SOURCE_PATTERN_SCANNED_SEMANTIC_REVIEW_PENDING	Source pattern scan only, semantic review pending: no lifecycle matches
DaylightDetectorBlock	SIGNAL_MACHINE_INTERACTION	INDEXED_ONLY	Family candidate; confirm subclass overrides and platform patches
DeadBushBlock	SOURCE_SCANNED_OTHER_OR_INHERITED	SOURCE_PATTERN_SCANNED_SEMANTIC_REVIEW_PENDING	Source pattern scan only, semantic review pending: no lifecycle matches
DecoratedPotBlock	PLACEMENT_INPUT_FULL_OR_HORIZONTAL	SOURCE_METHODS_SPOT_CHECKED	Family candidate; confirm subclass overrides and platform patches
DetectorRailBlock	RAIL_SLOPE_GRAPH	INDEXED_ONLY	Family candidate; confirm subclass overrides and platform patches
DiodeBlock	LOCAL_SUPPORT_CENTER_CEILING;SIGNAL_MACHINE_INTERACTION	INDEXED_ONLY	Family candidate; confirm subclass overrides and platform patches
DirectionalBlock	PLACEMENT_INPUT_FULL_OR_HORIZONTAL	INDEXED_ONLY	Family candidate; confirm subclass overrides and platform patches
DirtPathBlock	SOURCE_SCANNED_WORLD_AXIS_CANDIDATE	SOURCE_PATTERN_SCANNED_SEMANTIC_REVIEW_PENDING	Source pattern scan only, semantic review pending: getStateForPlacement,canSurvive,updateShape,tick
DispenserBlock	PLACEMENT_INPUT_FULL_OR_HORIZONTAL	INDEXED_ONLY	Family candidate; confirm subclass overrides and platform patches
DoorBlock	MULTIBLOCK_PAIR_LAYOUT;SIGNAL_MACHINE_INTERACTION	SOURCE_METHODS_SPOT_CHECKED	Family candidate; confirm subclass overrides and platform patches
DoubleBlockCombiner	MULTIBLOCK_PAIR_LAYOUT	INDEXED_ONLY	Family candidate; confirm subclass overrides and platform patches
DoublePlantBlock	MULTIBLOCK_PAIR_LAYOUT	SOURCE_METHODS_SPOT_CHECKED	Family candidate; confirm subclass overrides and platform patches
DragonEggBlock	SOURCE_SCANNED_ITEM_INTERACTION_CANDIDATE	SOURCE_PATTERN_SCANNED_SEMANTIC_REVIEW_PENDING	Source pattern scan only, semantic review pending: useWithoutItem
DropExperienceBlock	SOURCE_SCANNED_OTHER_OR_INHERITED	SOURCE_PATTERN_SCANNED_SEMANTIC_REVIEW_PENDING	Source pattern scan only, semantic review pending: no lifecycle matches
DropperBlock	PLACEMENT_INPUT_FULL_OR_HORIZONTAL	INDEXED_ONLY	Family candidate; confirm subclass overrides and platform patches
EnchantingTableBlock	SOURCE_SCANNED_ITEM_INTERACTION_CANDIDATE	SOURCE_PATTERN_SCANNED_SEMANTIC_REVIEW_PENDING	Source pattern scan only, semantic review pending: useWithoutItem
EndGatewayBlock	SOURCE_SCANNED_OTHER_OR_INHERITED	SOURCE_PATTERN_SCANNED_SEMANTIC_REVIEW_PENDING	Source pattern scan only, semantic review pending: no lifecycle matches
EndPortalBlock	SIGNAL_MACHINE_INTERACTION	INDEXED_ONLY	Family candidate; confirm subclass overrides and platform patches
EndPortalFrameBlock	SIGNAL_MACHINE_INTERACTION	INDEXED_ONLY	Family candidate; confirm subclass overrides and platform patches
EndRodBlock	PLACEMENT_INPUT_FULL_OR_HORIZONTAL	SOURCE_METHODS_SPOT_CHECKED	Family candidate; confirm subclass overrides and platform patches
EnderChestBlock	PLACEMENT_INPUT_FULL_OR_HORIZONTAL	SOURCE_METHODS_SPOT_CHECKED	Family candidate; confirm subclass overrides and platform patches
EntityBlock	SOURCE_SCANNED_OTHER_OR_INHERITED	SOURCE_PATTERN_SCANNED_SEMANTIC_REVIEW_PENDING	Source pattern scan only, semantic review pending: no lifecycle matches
EquipableCarvedPumpkinBlock	SOURCE_SCANNED_OTHER_OR_INHERITED	SOURCE_PATTERN_SCANNED_SEMANTIC_REVIEW_PENDING	Source pattern scan only, semantic review pending: no lifecycle matches
FaceAttachedHorizontalDirectionalBlock	PLACEMENT_INPUT_FULL_OR_HORIZONTAL	SOURCE_METHODS_SPOT_CHECKED	Family candidate; confirm subclass overrides and platform patches
Fallable	SOURCE_SCANNED_OTHER_OR_INHERITED	SOURCE_PATTERN_SCANNED_SEMANTIC_REVIEW_PENDING	Source pattern scan only, semantic review pending: no lifecycle matches
FallingBlock	FALLING_CHAIN_TRIGGER	INDEXED_ONLY	Family candidate; confirm subclass overrides and platform patches
FarmBlock	SOURCE_SCANNED_WORLD_AXIS_CANDIDATE	SOURCE_PATTERN_SCANNED_SEMANTIC_REVIEW_PENDING	Source pattern scan only, semantic review pending: getStateForPlacement,canSurvive,updateShape,randomTick,tick
FenceBlock	TANGENT_GRAPH_AND_SIX_FACE_GRAPH	INDEXED_ONLY	Family candidate; confirm subclass overrides and platform patches
FenceGateBlock	HALF_ROTATION_AND_SHAPE;SIGNAL_MACHINE_INTERACTION	SOURCE_METHODS_SPOT_CHECKED	Family candidate; confirm subclass overrides and platform patches
FireBlock	SIGNAL_MACHINE_INTERACTION	INDEXED_ONLY	Family candidate; confirm subclass overrides and platform patches
FletchingTableBlock	SOURCE_SCANNED_ITEM_INTERACTION_CANDIDATE	SOURCE_PATTERN_SCANNED_SEMANTIC_REVIEW_PENDING	Source pattern scan only, semantic review pending: useWithoutItem
FlowerBlock	LOCAL_SURVIVAL_AND_PLANT_GROWTH	INDEXED_ONLY	Family candidate; confirm subclass overrides and platform patches
FlowerPotBlock	LOCAL_SURVIVAL_AND_PLANT_GROWTH	INDEXED_ONLY	Family candidate; confirm subclass overrides and platform patches
FrogspawnBlock	SOURCE_SCANNED_WORLD_AXIS_CANDIDATE	SOURCE_PATTERN_SCANNED_SEMANTIC_REVIEW_PENDING	Source pattern scan only, semantic review pending: canSurvive,updateShape,onPlace,tick
FrostedIceBlock	SOURCE_SCANNED_OTHER_OR_INHERITED	SOURCE_PATTERN_SCANNED_SEMANTIC_REVIEW_PENDING	Source pattern scan only, semantic review pending: neighborChanged,onPlace,tick
FungusBlock	LOCAL_SURVIVAL_AND_PLANT_GROWTH	INDEXED_ONLY	Family candidate; confirm subclass overrides and platform patches
FurnaceBlock	PLACEMENT_INPUT_FULL_OR_HORIZONTAL	INDEXED_ONLY	Family candidate; confirm subclass overrides and platform patches
GameMasterBlock	SOURCE_SCANNED_OTHER_OR_INHERITED	SOURCE_PATTERN_SCANNED_SEMANTIC_REVIEW_PENDING	Source pattern scan only, semantic review pending: no lifecycle matches
GlazedTerracottaBlock	PLACEMENT_INPUT_FULL_OR_HORIZONTAL	INDEXED_ONLY	Family candidate; confirm subclass overrides and platform patches
GlowLichenBlock	TANGENT_GRAPH_AND_SIX_FACE_GRAPH	INDEXED_ONLY	Family candidate; confirm subclass overrides and platform patches
GrassBlock	LOCAL_SURVIVAL_AND_PLANT_GROWTH	INDEXED_ONLY	Family candidate; confirm subclass overrides and platform patches
GrindstoneBlock	ATTACHMENT_STANDING_WALL_OR_HANGING	INDEXED_ONLY	Family candidate; confirm subclass overrides and platform patches
GrowingPlantBlock	LOCAL_SURVIVAL_AND_PLANT_GROWTH	SOURCE_METHODS_SPOT_CHECKED	Family candidate; confirm subclass overrides and platform patches
GrowingPlantBodyBlock	LOCAL_SURVIVAL_AND_PLANT_GROWTH	INDEXED_ONLY	Family candidate; confirm subclass overrides and platform patches
GrowingPlantHeadBlock	LOCAL_SURVIVAL_AND_PLANT_GROWTH	INDEXED_ONLY	Family candidate; confirm subclass overrides and platform patches
HalfTransparentBlock	SOURCE_SCANNED_OTHER_OR_INHERITED	SOURCE_PATTERN_SCANNED_SEMANTIC_REVIEW_PENDING	Source pattern scan only, semantic review pending: no lifecycle matches
HangingRootsBlock	ATTACHMENT_STANDING_WALL_OR_HANGING;LOCAL_SURVIVAL_AND_PLANT_GROWTH	INDEXED_ONLY	Family candidate; confirm subclass overrides and platform patches
HayBlock	SOURCE_SCANNED_STATE_ORIENTATION_CANDIDATE	SOURCE_PATTERN_SCANNED_SEMANTIC_REVIEW_PENDING	Source pattern scan only, semantic review pending: no lifecycle matches
HeavyCoreBlock	SOURCE_SCANNED_OTHER_OR_INHERITED	SOURCE_PATTERN_SCANNED_SEMANTIC_REVIEW_PENDING	Source pattern scan only, semantic review pending: getStateForPlacement,updateShape
HoneyBlock	SOURCE_SCANNED_OTHER_OR_INHERITED	SOURCE_PATTERN_SCANNED_SEMANTIC_REVIEW_PENDING	Source pattern scan only, semantic review pending: no lifecycle matches
HopperBlock	PLACEMENT_INPUT_FULL_OR_HORIZONTAL	INDEXED_ONLY	Family candidate; confirm subclass overrides and platform patches
HorizontalDirectionalBlock	PLACEMENT_INPUT_FULL_OR_HORIZONTAL	INDEXED_ONLY	Family candidate; confirm subclass overrides and platform patches
HugeMushroomBlock	SOURCE_SCANNED_WORLD_AXIS_CANDIDATE	SOURCE_PATTERN_SCANNED_SEMANTIC_REVIEW_PENDING	Source pattern scan only, semantic review pending: getStateForPlacement,updateShape,rotate,mirror
IceBlock	SOURCE_SCANNED_WORLD_AXIS_CANDIDATE	SOURCE_PATTERN_SCANNED_SEMANTIC_REVIEW_PENDING	Source pattern scan only, semantic review pending: neighborChanged,randomTick
InfestedBlock	SOURCE_SCANNED_OTHER_OR_INHERITED	SOURCE_PATTERN_SCANNED_SEMANTIC_REVIEW_PENDING	Source pattern scan only, semantic review pending: no lifecycle matches
InfestedRotatedPillarBlock	SOURCE_SCANNED_STATE_ORIENTATION_CANDIDATE	SOURCE_PATTERN_SCANNED_SEMANTIC_REVIEW_PENDING	Source pattern scan only, semantic review pending: getStateForPlacement,rotate
IronBarsBlock	TANGENT_GRAPH_AND_SIX_FACE_GRAPH	INDEXED_ONLY	Family candidate; confirm subclass overrides and platform patches
JigsawBlock	PLACEMENT_INPUT_FULL_OR_HORIZONTAL;STATE_ROTATION_AND_STRUCTURE	SOURCE_METHODS_SPOT_CHECKED	Family candidate; confirm subclass overrides and platform patches
JukeboxBlock	SOURCE_SCANNED_ITEM_INTERACTION_CANDIDATE	SOURCE_PATTERN_SCANNED_SEMANTIC_REVIEW_PENDING	Source pattern scan only, semantic review pending: setPlacedBy,useItemOn,useWithoutItem
KelpBlock	LOCAL_SURVIVAL_AND_PLANT_GROWTH	INDEXED_ONLY	Family candidate; confirm subclass overrides and platform patches
KelpPlantBlock	LOCAL_SURVIVAL_AND_PLANT_GROWTH	INDEXED_ONLY	Family candidate; confirm subclass overrides and platform patches
LadderBlock	ATTACHMENT_STANDING_WALL_OR_HANGING	INDEXED_ONLY	Family candidate; confirm subclass overrides and platform patches
LanternBlock	ATTACHMENT_STANDING_WALL_OR_HANGING	SOURCE_METHODS_SPOT_CHECKED	Family candidate; confirm subclass overrides and platform patches
LavaCauldronBlock	FLUID_WATERLOGGED_CONTEXT	INDEXED_ONLY	Family candidate; confirm subclass overrides and platform patches
LayeredCauldronBlock	FLUID_WATERLOGGED_CONTEXT	INDEXED_ONLY	Family candidate; confirm subclass overrides and platform patches
LeavesBlock	LOCAL_SURVIVAL_AND_PLANT_GROWTH	INDEXED_ONLY	Family candidate; confirm subclass overrides and platform patches
LecternBlock	PLACEMENT_INPUT_FULL_OR_HORIZONTAL	INDEXED_ONLY	Family candidate; confirm subclass overrides and platform patches
LevelEvent	SOURCE_SCANNED_OTHER_OR_INHERITED	SOURCE_PATTERN_SCANNED_SEMANTIC_REVIEW_PENDING	Source pattern scan only, semantic review pending: no lifecycle matches
LeverBlock	ATTACHMENT_STANDING_WALL_OR_HANGING;SIGNAL_MACHINE_INTERACTION	INDEXED_ONLY	Family candidate; confirm subclass overrides and platform patches
LightBlock	SOURCE_SCANNED_ITEM_INTERACTION_CANDIDATE	SOURCE_PATTERN_SCANNED_SEMANTIC_REVIEW_PENDING	Source pattern scan only, semantic review pending: updateShape,useWithoutItem
LightningRodBlock	PLACEMENT_INPUT_FULL_OR_HORIZONTAL	INDEXED_ONLY	Family candidate; confirm subclass overrides and platform patches
LiquidBlock	FLUID_WATERLOGGED_CONTEXT	INDEXED_ONLY	Family candidate; confirm subclass overrides and platform patches
LiquidBlockContainer	FLUID_WATERLOGGED_CONTEXT	INDEXED_ONLY	Family candidate; confirm subclass overrides and platform patches
LoomBlock	SOURCE_SCANNED_STATE_ORIENTATION_CANDIDATE	SOURCE_PATTERN_SCANNED_SEMANTIC_REVIEW_PENDING	Source pattern scan only, semantic review pending: getStateForPlacement,useWithoutItem
MagmaBlock	SOURCE_SCANNED_WORLD_AXIS_CANDIDATE	SOURCE_PATTERN_SCANNED_SEMANTIC_REVIEW_PENDING	Source pattern scan only, semantic review pending: updateShape,onPlace,tick
MangroveLeavesBlock	SOURCE_SCANNED_WORLD_AXIS_CANDIDATE	SOURCE_PATTERN_SCANNED_SEMANTIC_REVIEW_PENDING	Source pattern scan only, semantic review pending: no lifecycle matches
MangrovePropaguleBlock	LOCAL_SURVIVAL_AND_PLANT_GROWTH	INDEXED_ONLY	Family candidate; confirm subclass overrides and platform patches
MangroveRootsBlock	SOURCE_SCANNED_WORLD_AXIS_CANDIDATE	SOURCE_PATTERN_SCANNED_SEMANTIC_REVIEW_PENDING	Source pattern scan only, semantic review pending: getStateForPlacement,updateShape
Mirror	STATE_ROTATION_AND_STRUCTURE	INDEXED_ONLY	Family candidate; confirm subclass overrides and platform patches
MossBlock	LOCAL_SURVIVAL_AND_PLANT_GROWTH	INDEXED_ONLY	Family candidate; confirm subclass overrides and platform patches
MudBlock	SOURCE_SCANNED_OTHER_OR_INHERITED	SOURCE_PATTERN_SCANNED_SEMANTIC_REVIEW_PENDING	Source pattern scan only, semantic review pending: no lifecycle matches
MultifaceBlock	TANGENT_GRAPH_AND_SIX_FACE_GRAPH	SOURCE_METHODS_SPOT_CHECKED	Family candidate; confirm subclass overrides and platform patches
MultifaceSpreader	TANGENT_GRAPH_AND_SIX_FACE_GRAPH	INDEXED_ONLY	Family candidate; confirm subclass overrides and platform patches
MushroomBlock	LOCAL_SURVIVAL_AND_PLANT_GROWTH	INDEXED_ONLY	Family candidate; confirm subclass overrides and platform patches
MyceliumBlock	LOCAL_SURVIVAL_AND_PLANT_GROWTH	INDEXED_ONLY	Family candidate; confirm subclass overrides and platform patches
NetherPortalBlock	SIGNAL_MACHINE_INTERACTION	INDEXED_ONLY	Family candidate; confirm subclass overrides and platform patches
NetherSproutsBlock	LOCAL_SURVIVAL_AND_PLANT_GROWTH	INDEXED_ONLY	Family candidate; confirm subclass overrides and platform patches
NetherVines	LOCAL_SURVIVAL_AND_PLANT_GROWTH	INDEXED_ONLY	Family candidate; confirm subclass overrides and platform patches
NetherWartBlock	LOCAL_SURVIVAL_AND_PLANT_GROWTH	INDEXED_ONLY	Family candidate; confirm subclass overrides and platform patches
NetherrackBlock	SOURCE_SCANNED_WORLD_AXIS_CANDIDATE	SOURCE_PATTERN_SCANNED_SEMANTIC_REVIEW_PENDING	Source pattern scan only, semantic review pending: no lifecycle matches
NoteBlock	SOURCE_SCANNED_WORLD_AXIS_CANDIDATE	SOURCE_PATTERN_SCANNED_SEMANTIC_REVIEW_PENDING	Source pattern scan only, semantic review pending: getStateForPlacement,updateShape,neighborChanged,useItemOn,useWithoutItem
NyliumBlock	LOCAL_SURVIVAL_AND_PLANT_GROWTH	INDEXED_ONLY	Family candidate; confirm subclass overrides and platform patches
ObserverBlock	PLACEMENT_INPUT_FULL_OR_HORIZONTAL;SIGNAL_MACHINE_INTERACTION	INDEXED_ONLY	Family candidate; confirm subclass overrides and platform patches
PiglinWallSkullBlock	ATTACHMENT_STANDING_WALL_OR_HANGING	INDEXED_ONLY	Family candidate; confirm subclass overrides and platform patches
PinkPetalsBlock	HALF_ROTATION_AND_SHAPE	INDEXED_ONLY	Family candidate; confirm subclass overrides and platform patches
PipeBlock	SOURCE_SCANNED_WORLD_AXIS_CANDIDATE	SOURCE_PATTERN_SCANNED_SEMANTIC_REVIEW_PENDING	Source pattern scan only, semantic review pending: no lifecycle matches
PitcherCropBlock	MULTIBLOCK_PAIR_LAYOUT	INDEXED_ONLY	Family candidate; confirm subclass overrides and platform patches
PlayerHeadBlock	ATTACHMENT_STANDING_WALL_OR_HANGING	INDEXED_ONLY	Family candidate; confirm subclass overrides and platform patches
PlayerWallHeadBlock	ATTACHMENT_STANDING_WALL_OR_HANGING	INDEXED_ONLY	Family candidate; confirm subclass overrides and platform patches
PointedDripstoneBlock	FALLING_CHAIN_TRIGGER	INDEXED_ONLY	Family candidate; confirm subclass overrides and platform patches
Portal	SOURCE_SCANNED_OTHER_OR_INHERITED	SOURCE_PATTERN_SCANNED_SEMANTIC_REVIEW_PENDING	Source pattern scan only, semantic review pending: no lifecycle matches
PotatoBlock	LOCAL_SURVIVAL_AND_PLANT_GROWTH	INDEXED_ONLY	Family candidate; confirm subclass overrides and platform patches
PowderSnowBlock	SOURCE_SCANNED_OTHER_OR_INHERITED	SOURCE_PATTERN_SCANNED_SEMANTIC_REVIEW_PENDING	Source pattern scan only, semantic review pending: no lifecycle matches
PoweredBlock	SOURCE_SCANNED_OTHER_OR_INHERITED	SOURCE_PATTERN_SCANNED_SEMANTIC_REVIEW_PENDING	Source pattern scan only, semantic review pending: no lifecycle matches
PoweredRailBlock	RAIL_SLOPE_GRAPH	INDEXED_ONLY	Family candidate; confirm subclass overrides and platform patches
PressurePlateBlock	LOCAL_SUPPORT_CENTER_CEILING	INDEXED_ONLY	Family candidate; confirm subclass overrides and platform patches
PumpkinBlock	SOURCE_SCANNED_STATE_ORIENTATION_CANDIDATE	SOURCE_PATTERN_SCANNED_SEMANTIC_REVIEW_PENDING	Source pattern scan only, semantic review pending: useItemOn
RailBlock	RAIL_SLOPE_GRAPH	INDEXED_ONLY	Family candidate; confirm subclass overrides and platform patches
RailState	RAIL_SLOPE_GRAPH	SOURCE_METHODS_SPOT_CHECKED	Family candidate; confirm subclass overrides and platform patches
RedStoneOreBlock	SOURCE_SCANNED_WORLD_AXIS_CANDIDATE	SOURCE_PATTERN_SCANNED_SEMANTIC_REVIEW_PENDING	Source pattern scan only, semantic review pending: useItemOn,randomTick
RedStoneWireBlock	SIGNAL_MACHINE_INTERACTION	INDEXED_ONLY	Family candidate; confirm subclass overrides and platform patches
RedstoneLampBlock	SOURCE_SCANNED_OTHER_OR_INHERITED	SOURCE_PATTERN_SCANNED_SEMANTIC_REVIEW_PENDING	Source pattern scan only, semantic review pending: getStateForPlacement,neighborChanged,tick
RedstoneTorchBlock	ATTACHMENT_STANDING_WALL_OR_HANGING	INDEXED_ONLY	Family candidate; confirm subclass overrides and platform patches
RedstoneWallTorchBlock	ATTACHMENT_STANDING_WALL_OR_HANGING	INDEXED_ONLY	Family candidate; confirm subclass overrides and platform patches
RenderShape	SOURCE_SCANNED_OTHER_OR_INHERITED	SOURCE_PATTERN_SCANNED_SEMANTIC_REVIEW_PENDING	Source pattern scan only, semantic review pending: no lifecycle matches
RepeaterBlock	LOCAL_SUPPORT_CENTER_CEILING;SIGNAL_MACHINE_INTERACTION	INDEXED_ONLY	Family candidate; confirm subclass overrides and platform patches
RespawnAnchorBlock	SIGNAL_MACHINE_INTERACTION	SOURCE_METHODS_SPOT_CHECKED	Inspected source methods and inherited behavior; verify all NeoForge subclass paths
RodBlock	HALF_ROTATION_AND_SHAPE	INDEXED_ONLY	Family candidate; confirm subclass overrides and platform patches
RootedDirtBlock	SOURCE_SCANNED_WORLD_AXIS_CANDIDATE	SOURCE_PATTERN_SCANNED_SEMANTIC_REVIEW_PENDING	Source pattern scan only, semantic review pending: no lifecycle matches
RootsBlock	LOCAL_SURVIVAL_AND_PLANT_GROWTH	INDEXED_ONLY	Family candidate; confirm subclass overrides and platform patches
RotatedPillarBlock	PLACEMENT_INPUT_FULL_OR_HORIZONTAL	SOURCE_METHODS_SPOT_CHECKED	Family candidate; confirm subclass overrides and platform patches
Rotation	STATE_ROTATION_AND_STRUCTURE	INDEXED_ONLY	Family candidate; confirm subclass overrides and platform patches
SaplingBlock	LOCAL_SURVIVAL_AND_PLANT_GROWTH	SOURCE_METHODS_SPOT_CHECKED	Family candidate; confirm subclass overrides and platform patches
ScaffoldingBlock	TANGENT_GRAPH_AND_SIX_FACE_GRAPH;FALLING_CHAIN_TRIGGER	SOURCE_METHODS_SPOT_CHECKED	Family candidate; confirm subclass overrides and platform patches
SculkBehaviour	SOURCE_SCANNED_OTHER_OR_INHERITED	SOURCE_PATTERN_SCANNED_SEMANTIC_REVIEW_PENDING	Source pattern scan only, semantic review pending: no lifecycle matches
SculkBlock	SOURCE_SCANNED_WORLD_AXIS_CANDIDATE	SOURCE_PATTERN_SCANNED_SEMANTIC_REVIEW_PENDING	Source pattern scan only, semantic review pending: no lifecycle matches
SculkCatalystBlock	SOURCE_SCANNED_OTHER_OR_INHERITED	SOURCE_PATTERN_SCANNED_SEMANTIC_REVIEW_PENDING	Source pattern scan only, semantic review pending: tick
SculkSensorBlock	SIGNAL_MACHINE_INTERACTION	INDEXED_ONLY	Family candidate; confirm subclass overrides and platform patches
SculkShriekerBlock	SOURCE_SCANNED_WORLD_AXIS_CANDIDATE	SOURCE_PATTERN_SCANNED_SEMANTIC_REVIEW_PENDING	Source pattern scan only, semantic review pending: getStateForPlacement,updateShape,tick
SculkSpreader	SOURCE_SCANNED_WORLD_AXIS_CANDIDATE	SOURCE_PATTERN_SCANNED_SEMANTIC_REVIEW_PENDING	Source pattern scan only, semantic review pending: no lifecycle matches
SculkVeinBlock	TANGENT_GRAPH_AND_SIX_FACE_GRAPH	INDEXED_ONLY	Family candidate; confirm subclass overrides and platform patches
SeaPickleBlock	LOCAL_SUPPORT_CENTER_CEILING;FLUID_WATERLOGGED_CONTEXT	SOURCE_METHODS_SPOT_CHECKED	Inspected source methods and inherited behavior; verify all NeoForge subclass paths
SeagrassBlock	LOCAL_SURVIVAL_AND_PLANT_GROWTH	INDEXED_ONLY	Family candidate; confirm subclass overrides and platform patches
ShulkerBoxBlock	PLACEMENT_INPUT_FULL_OR_HORIZONTAL;STATE_ROTATION_AND_STRUCTURE	SOURCE_METHODS_SPOT_CHECKED	Inspected source methods and inherited behavior; verify all NeoForge subclass paths
SignBlock	ATTACHMENT_STANDING_WALL_OR_HANGING	INDEXED_ONLY	Family candidate; confirm subclass overrides and platform patches
SimpleWaterloggedBlock	FLUID_WATERLOGGED_CONTEXT	INDEXED_ONLY	Family candidate; confirm subclass overrides and platform patches
SkullBlock	ATTACHMENT_STANDING_WALL_OR_HANGING	INDEXED_ONLY	Family candidate; confirm subclass overrides and platform patches
SlabBlock	HALF_ROTATION_AND_SHAPE	SOURCE_METHODS_SPOT_CHECKED	Family candidate; confirm subclass overrides and platform patches
SlimeBlock	SOURCE_SCANNED_OTHER_OR_INHERITED	SOURCE_PATTERN_SCANNED_SEMANTIC_REVIEW_PENDING	Source pattern scan only, semantic review pending: no lifecycle matches
SmallDripleafBlock	MULTIBLOCK_PAIR_LAYOUT	INDEXED_ONLY	Family candidate; confirm subclass overrides and platform patches
SmithingTableBlock	SOURCE_SCANNED_ITEM_INTERACTION_CANDIDATE	SOURCE_PATTERN_SCANNED_SEMANTIC_REVIEW_PENDING	Source pattern scan only, semantic review pending: useWithoutItem
SmokerBlock	PLACEMENT_INPUT_FULL_OR_HORIZONTAL	INDEXED_ONLY	Family candidate; confirm subclass overrides and platform patches
SnifferEggBlock	SOURCE_SCANNED_WORLD_AXIS_CANDIDATE	SOURCE_PATTERN_SCANNED_SEMANTIC_REVIEW_PENDING	Source pattern scan only, semantic review pending: onPlace,tick
SnowLayerBlock	HALF_ROTATION_AND_SHAPE	INDEXED_ONLY	Family candidate; confirm subclass overrides and platform patches
SnowyDirtBlock	LOCAL_SURVIVAL_AND_PLANT_GROWTH	INDEXED_ONLY	Family candidate; confirm subclass overrides and platform patches
SoulFireBlock	SOURCE_SCANNED_WORLD_AXIS_CANDIDATE	SOURCE_PATTERN_SCANNED_SEMANTIC_REVIEW_PENDING	Source pattern scan only, semantic review pending: canSurvive,updateShape
SoulSandBlock	SOURCE_SCANNED_WORLD_AXIS_CANDIDATE	SOURCE_PATTERN_SCANNED_SEMANTIC_REVIEW_PENDING	Source pattern scan only, semantic review pending: updateShape,onPlace,tick
SoundType	SOURCE_SCANNED_OTHER_OR_INHERITED	SOURCE_PATTERN_SCANNED_SEMANTIC_REVIEW_PENDING	Source pattern scan only, semantic review pending: no lifecycle matches
SpawnerBlock	SOURCE_SCANNED_OTHER_OR_INHERITED	SOURCE_PATTERN_SCANNED_SEMANTIC_REVIEW_PENDING	Source pattern scan only, semantic review pending: no lifecycle matches
SpongeBlock	SOURCE_SCANNED_OTHER_OR_INHERITED	SOURCE_PATTERN_SCANNED_SEMANTIC_REVIEW_PENDING	Source pattern scan only, semantic review pending: neighborChanged,onPlace
SporeBlossomBlock	LOCAL_SUPPORT_CENTER_CEILING	SOURCE_METHODS_SPOT_CHECKED	Family candidate; confirm subclass overrides and platform patches
SpreadingSnowyDirtBlock	LOCAL_SURVIVAL_AND_PLANT_GROWTH	INDEXED_ONLY	Family candidate; confirm subclass overrides and platform patches
StainedGlassBlock	SOURCE_SCANNED_OTHER_OR_INHERITED	SOURCE_PATTERN_SCANNED_SEMANTIC_REVIEW_PENDING	Source pattern scan only, semantic review pending: no lifecycle matches
StainedGlassPaneBlock	SOURCE_SCANNED_OTHER_OR_INHERITED	SOURCE_PATTERN_SCANNED_SEMANTIC_REVIEW_PENDING	Source pattern scan only, semantic review pending: no lifecycle matches
StairBlock	HALF_ROTATION_AND_SHAPE	SOURCE_METHODS_SPOT_CHECKED	Family candidate; confirm subclass overrides and platform patches
StandingSignBlock	ATTACHMENT_STANDING_WALL_OR_HANGING	SOURCE_METHODS_SPOT_CHECKED	Family candidate; confirm subclass overrides and platform patches
StemBlock	SOURCE_SCANNED_STATE_ORIENTATION_CANDIDATE	SOURCE_PATTERN_SCANNED_SEMANTIC_REVIEW_PENDING	Source pattern scan only, semantic review pending: randomTick
StonecutterBlock	PLACEMENT_INPUT_FULL_OR_HORIZONTAL	INDEXED_ONLY	Family candidate; confirm subclass overrides and platform patches
StructureBlock	STATE_ROTATION_AND_STRUCTURE	INDEXED_ONLY	Family candidate; confirm subclass overrides and platform patches
StructureVoidBlock	SOURCE_SCANNED_OTHER_OR_INHERITED	SOURCE_PATTERN_SCANNED_SEMANTIC_REVIEW_PENDING	Source pattern scan only, semantic review pending: no lifecycle matches
SugarCaneBlock	LOCAL_SURVIVAL_AND_PLANT_GROWTH	INDEXED_ONLY	Family candidate; confirm subclass overrides and platform patches
SupportType	SOURCE_SCANNED_OTHER_OR_INHERITED	SOURCE_PATTERN_SCANNED_SEMANTIC_REVIEW_PENDING	Source pattern scan only, semantic review pending: no lifecycle matches
SuspiciousEffectHolder	SOURCE_SCANNED_OTHER_OR_INHERITED	SOURCE_PATTERN_SCANNED_SEMANTIC_REVIEW_PENDING	Source pattern scan only, semantic review pending: no lifecycle matches
SweetBerryBushBlock	LOCAL_SURVIVAL_AND_PLANT_GROWTH	INDEXED_ONLY	Family candidate; confirm subclass overrides and platform patches
TallFlowerBlock	MULTIBLOCK_PAIR_LAYOUT	INDEXED_ONLY	Family candidate; confirm subclass overrides and platform patches
TallGrassBlock	MULTIBLOCK_PAIR_LAYOUT	INDEXED_ONLY	Family candidate; confirm subclass overrides and platform patches
TallSeagrassBlock	MULTIBLOCK_PAIR_LAYOUT	INDEXED_ONLY	Family candidate; confirm subclass overrides and platform patches
TargetBlock	SIGNAL_MACHINE_INTERACTION	INDEXED_ONLY	Family candidate; confirm subclass overrides and platform patches
TintedGlassBlock	SOURCE_SCANNED_OTHER_OR_INHERITED	SOURCE_PATTERN_SCANNED_SEMANTIC_REVIEW_PENDING	Source pattern scan only, semantic review pending: no lifecycle matches
TntBlock	SIGNAL_MACHINE_INTERACTION	INDEXED_ONLY	Family candidate; confirm subclass overrides and platform patches
TorchBlock	ATTACHMENT_STANDING_WALL_OR_HANGING	INDEXED_ONLY	Family candidate; confirm subclass overrides and platform patches
TorchflowerCropBlock	LOCAL_SURVIVAL_AND_PLANT_GROWTH	INDEXED_ONLY	Family candidate; confirm subclass overrides and platform patches
TransparentBlock	SOURCE_SCANNED_OTHER_OR_INHERITED	SOURCE_PATTERN_SCANNED_SEMANTIC_REVIEW_PENDING	Source pattern scan only, semantic review pending: no lifecycle matches
TrapDoorBlock	HALF_ROTATION_AND_SHAPE;SIGNAL_MACHINE_INTERACTION	SOURCE_METHODS_SPOT_CHECKED	Family candidate; confirm subclass overrides and platform patches
TrappedChestBlock	MULTIBLOCK_PAIR_LAYOUT	INDEXED_ONLY	Family candidate; confirm subclass overrides and platform patches
TrialSpawnerBlock	SIGNAL_MACHINE_INTERACTION	SOURCE_METHODS_SPOT_CHECKED	Inspected source methods and inherited behavior; verify all NeoForge subclass paths
TripWireBlock	TANGENT_GRAPH_AND_SIX_FACE_GRAPH	INDEXED_ONLY	Family candidate; confirm subclass overrides and platform patches
TripWireHookBlock	TANGENT_GRAPH_AND_SIX_FACE_GRAPH;SIGNAL_MACHINE_INTERACTION	INDEXED_ONLY	Family candidate; confirm subclass overrides and platform patches
TurtleEggBlock	SOURCE_SCANNED_WORLD_AXIS_CANDIDATE	SOURCE_PATTERN_SCANNED_SEMANTIC_REVIEW_PENDING	Source pattern scan only, semantic review pending: getStateForPlacement,onPlace,randomTick
TwistingVinesBlock	LOCAL_SURVIVAL_AND_PLANT_GROWTH	INDEXED_ONLY	Family candidate; confirm subclass overrides and platform patches
TwistingVinesPlantBlock	SOURCE_SCANNED_WORLD_AXIS_CANDIDATE	SOURCE_PATTERN_SCANNED_SEMANTIC_REVIEW_PENDING	Source pattern scan only, semantic review pending: no lifecycle matches
VaultBlock	PLACEMENT_INPUT_FULL_OR_HORIZONTAL;SIGNAL_MACHINE_INTERACTION	SOURCE_METHODS_SPOT_CHECKED	Inspected source methods and inherited behavior; verify all NeoForge subclass paths
VineBlock	LOCAL_SURVIVAL_AND_PLANT_GROWTH;TANGENT_GRAPH_AND_SIX_FACE_GRAPH	SOURCE_METHODS_SPOT_CHECKED	Family candidate; confirm subclass overrides and platform patches
WallBannerBlock	ATTACHMENT_STANDING_WALL_OR_HANGING	INDEXED_ONLY	Family candidate; confirm subclass overrides and platform patches
WallBlock	TANGENT_GRAPH_AND_SIX_FACE_GRAPH	SOURCE_METHODS_SPOT_CHECKED	Family candidate; confirm subclass overrides and platform patches
WallHangingSignBlock	ATTACHMENT_STANDING_WALL_OR_HANGING	SOURCE_METHODS_SPOT_CHECKED	Family candidate; confirm subclass overrides and platform patches
WallSignBlock	ATTACHMENT_STANDING_WALL_OR_HANGING	SOURCE_METHODS_SPOT_CHECKED	Family candidate; confirm subclass overrides and platform patches
WallSkullBlock	ATTACHMENT_STANDING_WALL_OR_HANGING	INDEXED_ONLY	Family candidate; confirm subclass overrides and platform patches
WallTorchBlock	ATTACHMENT_STANDING_WALL_OR_HANGING	INDEXED_ONLY	Family candidate; confirm subclass overrides and platform patches
WaterlilyBlock	SOURCE_SCANNED_WORLD_AXIS_CANDIDATE	SOURCE_PATTERN_SCANNED_SEMANTIC_REVIEW_PENDING	Source pattern scan only, semantic review pending: no lifecycle matches
WaterloggedTransparentBlock	FLUID_WATERLOGGED_CONTEXT	INDEXED_ONLY	Family candidate; confirm subclass overrides and platform patches
WeatheringCopper	SOURCE_SCANNED_OTHER_OR_INHERITED	SOURCE_PATTERN_SCANNED_SEMANTIC_REVIEW_PENDING	Source pattern scan only, semantic review pending: no lifecycle matches
WeatheringCopperBulbBlock	SOURCE_SCANNED_OTHER_OR_INHERITED	SOURCE_PATTERN_SCANNED_SEMANTIC_REVIEW_PENDING	Source pattern scan only, semantic review pending: randomTick
WeatheringCopperDoorBlock	MULTIBLOCK_PAIR_LAYOUT	SOURCE_METHODS_SPOT_CHECKED	Inspected source methods and inherited behavior; verify all NeoForge subclass paths
WeatheringCopperFullBlock	SOURCE_SCANNED_OTHER_OR_INHERITED	SOURCE_PATTERN_SCANNED_SEMANTIC_REVIEW_PENDING	Source pattern scan only, semantic review pending: randomTick
WeatheringCopperGrateBlock	SOURCE_SCANNED_OTHER_OR_INHERITED	SOURCE_PATTERN_SCANNED_SEMANTIC_REVIEW_PENDING	Source pattern scan only, semantic review pending: randomTick
WeatheringCopperSlabBlock	HALF_ROTATION_AND_SHAPE	SOURCE_METHODS_SPOT_CHECKED	Inspected source methods and inherited behavior; verify all NeoForge subclass paths
WeatheringCopperStairBlock	HALF_ROTATION_AND_SHAPE	SOURCE_METHODS_SPOT_CHECKED	Inspected source methods and inherited behavior; verify all NeoForge subclass paths
WeatheringCopperTrapDoorBlock	HALF_ROTATION_AND_SHAPE	SOURCE_METHODS_SPOT_CHECKED	Inspected source methods and inherited behavior; verify all NeoForge subclass paths
WebBlock	SOURCE_SCANNED_OTHER_OR_INHERITED	SOURCE_PATTERN_SCANNED_SEMANTIC_REVIEW_PENDING	Source pattern scan only, semantic review pending: no lifecycle matches
WeepingVinesBlock	LOCAL_SURVIVAL_AND_PLANT_GROWTH	INDEXED_ONLY	Family candidate; confirm subclass overrides and platform patches
WeepingVinesPlantBlock	SOURCE_SCANNED_WORLD_AXIS_CANDIDATE	SOURCE_PATTERN_SCANNED_SEMANTIC_REVIEW_PENDING	Source pattern scan only, semantic review pending: no lifecycle matches
WeightedPressurePlateBlock	LOCAL_SUPPORT_CENTER_CEILING	INDEXED_ONLY	Family candidate; confirm subclass overrides and platform patches
WetSpongeBlock	SOURCE_SCANNED_WORLD_AXIS_CANDIDATE	SOURCE_PATTERN_SCANNED_SEMANTIC_REVIEW_PENDING	Source pattern scan only, semantic review pending: onPlace
WitherRoseBlock	SOURCE_SCANNED_OTHER_OR_INHERITED	SOURCE_PATTERN_SCANNED_SEMANTIC_REVIEW_PENDING	Source pattern scan only, semantic review pending: no lifecycle matches
WitherSkullBlock	ATTACHMENT_STANDING_WALL_OR_HANGING	INDEXED_ONLY	Family candidate; confirm subclass overrides and platform patches
WitherWallSkullBlock	ATTACHMENT_STANDING_WALL_OR_HANGING	INDEXED_ONLY	Family candidate; confirm subclass overrides and platform patches
WoolCarpetBlock	HALF_ROTATION_AND_SHAPE	INDEXED_ONLY	Family candidate; confirm subclass overrides and platform patches
package-info	SOURCE_SCANNED_OTHER_OR_INHERITED	SOURCE_PATTERN_SCANNED_SEMANTIC_REVIEW_PENDING	Source pattern scan only, semantic review pending: no lifecycle matches
