source_item_class	creation_candidate	source_review_status	notes
AdventureModePredicate	POSSIBLE_NONPLACEMENT_ITEM	INDEXED_ONLY	Must inspect useOn/use/updatePlacementContext/getPlacementState override and level position ownership
AirItem	POSSIBLE_NONPLACEMENT_ITEM	INDEXED_ONLY	Must inspect useOn/use/updatePlacementContext/getPlacementState override and level position ownership
AnimalArmorItem	POSSIBLE_NONPLACEMENT_ITEM	INDEXED_ONLY	Must inspect useOn/use/updatePlacementContext/getPlacementState override and level position ownership
ArmorItem	POSSIBLE_NONPLACEMENT_ITEM	INDEXED_ONLY	Must inspect useOn/use/updatePlacementContext/getPlacementState override and level position ownership
ArmorMaterial	POSSIBLE_NONPLACEMENT_ITEM	INDEXED_ONLY	Must inspect useOn/use/updatePlacementContext/getPlacementState override and level position ownership
ArmorMaterials	POSSIBLE_NONPLACEMENT_ITEM	INDEXED_ONLY	Must inspect useOn/use/updatePlacementContext/getPlacementState override and level position ownership
ArmorStandItem	DIRECT_OR_ALTERNATE_PLACEMENT_CANDIDATE	INDEXED_ONLY	Must inspect useOn/use/updatePlacementContext/getPlacementState override and level position ownership
ArrowItem	POSSIBLE_NONPLACEMENT_ITEM	INDEXED_ONLY	Must inspect useOn/use/updatePlacementContext/getPlacementState override and level position ownership
AxeItem	POSSIBLE_NONPLACEMENT_ITEM	INDEXED_ONLY	Must inspect useOn/use/updatePlacementContext/getPlacementState override and level position ownership
BannerItem	POSSIBLE_NONPLACEMENT_ITEM	INDEXED_ONLY	Must inspect useOn/use/updatePlacementContext/getPlacementState override and level position ownership
BannerPatternItem	POSSIBLE_NONPLACEMENT_ITEM	INDEXED_ONLY	Must inspect useOn/use/updatePlacementContext/getPlacementState override and level position ownership
BedItem	DIRECT_OR_ALTERNATE_PLACEMENT_CANDIDATE	INDEXED_ONLY	Must inspect useOn/use/updatePlacementContext/getPlacementState override and level position ownership
BlockItem	DIRECT_OR_ALTERNATE_PLACEMENT_CANDIDATE	INDEXED_ONLY	Must inspect useOn/use/updatePlacementContext/getPlacementState override and level position ownership
BoatItem	DIRECT_OR_ALTERNATE_PLACEMENT_CANDIDATE	INDEXED_ONLY	Must inspect useOn/use/updatePlacementContext/getPlacementState override and level position ownership
BoneMealItem	DIRECT_OR_ALTERNATE_PLACEMENT_CANDIDATE	INDEXED_ONLY	Must inspect useOn/use/updatePlacementContext/getPlacementState override and level position ownership
BookItem	POSSIBLE_NONPLACEMENT_ITEM	INDEXED_ONLY	Must inspect useOn/use/updatePlacementContext/getPlacementState override and level position ownership
BottleItem	POSSIBLE_NONPLACEMENT_ITEM	INDEXED_ONLY	Must inspect useOn/use/updatePlacementContext/getPlacementState override and level position ownership
BowItem	POSSIBLE_NONPLACEMENT_ITEM	INDEXED_ONLY	Must inspect useOn/use/updatePlacementContext/getPlacementState override and level position ownership
BrushItem	POSSIBLE_NONPLACEMENT_ITEM	INDEXED_ONLY	Must inspect useOn/use/updatePlacementContext/getPlacementState override and level position ownership
BucketItem	DIRECT_OR_ALTERNATE_PLACEMENT_CANDIDATE	INDEXED_ONLY	Must inspect useOn/use/updatePlacementContext/getPlacementState override and level position ownership
BundleItem	POSSIBLE_NONPLACEMENT_ITEM	INDEXED_ONLY	Must inspect useOn/use/updatePlacementContext/getPlacementState override and level position ownership
ChorusFruitItem	POSSIBLE_NONPLACEMENT_ITEM	INDEXED_ONLY	Must inspect useOn/use/updatePlacementContext/getPlacementState override and level position ownership
CompassItem	POSSIBLE_NONPLACEMENT_ITEM	INDEXED_ONLY	Must inspect useOn/use/updatePlacementContext/getPlacementState override and level position ownership
ComplexItem	POSSIBLE_NONPLACEMENT_ITEM	INDEXED_ONLY	Must inspect useOn/use/updatePlacementContext/getPlacementState override and level position ownership
CreativeModeTab	POSSIBLE_NONPLACEMENT_ITEM	INDEXED_ONLY	Must inspect useOn/use/updatePlacementContext/getPlacementState override and level position ownership
CreativeModeTabs	POSSIBLE_NONPLACEMENT_ITEM	INDEXED_ONLY	Must inspect useOn/use/updatePlacementContext/getPlacementState override and level position ownership
CrossbowItem	POSSIBLE_NONPLACEMENT_ITEM	INDEXED_ONLY	Must inspect useOn/use/updatePlacementContext/getPlacementState override and level position ownership
DebugStickItem	POSSIBLE_NONPLACEMENT_ITEM	INDEXED_ONLY	Must inspect useOn/use/updatePlacementContext/getPlacementState override and level position ownership
DiggerItem	POSSIBLE_NONPLACEMENT_ITEM	INDEXED_ONLY	Must inspect useOn/use/updatePlacementContext/getPlacementState override and level position ownership
DiscFragmentItem	POSSIBLE_NONPLACEMENT_ITEM	INDEXED_ONLY	Must inspect useOn/use/updatePlacementContext/getPlacementState override and level position ownership
DispensibleContainerItem	POSSIBLE_NONPLACEMENT_ITEM	INDEXED_ONLY	Must inspect useOn/use/updatePlacementContext/getPlacementState override and level position ownership
DoubleHighBlockItem	DIRECT_OR_ALTERNATE_PLACEMENT_CANDIDATE	INDEXED_ONLY	Must inspect useOn/use/updatePlacementContext/getPlacementState override and level position ownership
DyeColor	POSSIBLE_NONPLACEMENT_ITEM	INDEXED_ONLY	Must inspect useOn/use/updatePlacementContext/getPlacementState override and level position ownership
DyeItem	DIRECT_OR_ALTERNATE_PLACEMENT_CANDIDATE	INDEXED_ONLY	Must inspect useOn/use/updatePlacementContext/getPlacementState override and level position ownership
EggItem	POSSIBLE_NONPLACEMENT_ITEM	INDEXED_ONLY	Must inspect useOn/use/updatePlacementContext/getPlacementState override and level position ownership
EitherHolder	POSSIBLE_NONPLACEMENT_ITEM	INDEXED_ONLY	Must inspect useOn/use/updatePlacementContext/getPlacementState override and level position ownership
ElytraItem	POSSIBLE_NONPLACEMENT_ITEM	INDEXED_ONLY	Must inspect useOn/use/updatePlacementContext/getPlacementState override and level position ownership
EmptyMapItem	POSSIBLE_NONPLACEMENT_ITEM	INDEXED_ONLY	Must inspect useOn/use/updatePlacementContext/getPlacementState override and level position ownership
EnchantedBookItem	POSSIBLE_NONPLACEMENT_ITEM	INDEXED_ONLY	Must inspect useOn/use/updatePlacementContext/getPlacementState override and level position ownership
EndCrystalItem	DIRECT_OR_ALTERNATE_PLACEMENT_CANDIDATE	INDEXED_ONLY	Must inspect useOn/use/updatePlacementContext/getPlacementState override and level position ownership
EnderEyeItem	POSSIBLE_NONPLACEMENT_ITEM	INDEXED_ONLY	Must inspect useOn/use/updatePlacementContext/getPlacementState override and level position ownership
EnderpearlItem	POSSIBLE_NONPLACEMENT_ITEM	INDEXED_ONLY	Must inspect useOn/use/updatePlacementContext/getPlacementState override and level position ownership
Equipable	POSSIBLE_NONPLACEMENT_ITEM	INDEXED_ONLY	Must inspect useOn/use/updatePlacementContext/getPlacementState override and level position ownership
ExperienceBottleItem	POSSIBLE_NONPLACEMENT_ITEM	INDEXED_ONLY	Must inspect useOn/use/updatePlacementContext/getPlacementState override and level position ownership
FireChargeItem	DIRECT_OR_ALTERNATE_PLACEMENT_CANDIDATE	INDEXED_ONLY	Must inspect useOn/use/updatePlacementContext/getPlacementState override and level position ownership
FireworkRocketItem	POSSIBLE_NONPLACEMENT_ITEM	INDEXED_ONLY	Must inspect useOn/use/updatePlacementContext/getPlacementState override and level position ownership
FireworkStarItem	POSSIBLE_NONPLACEMENT_ITEM	INDEXED_ONLY	Must inspect useOn/use/updatePlacementContext/getPlacementState override and level position ownership
FishingRodItem	POSSIBLE_NONPLACEMENT_ITEM	INDEXED_ONLY	Must inspect useOn/use/updatePlacementContext/getPlacementState override and level position ownership
FlintAndSteelItem	DIRECT_OR_ALTERNATE_PLACEMENT_CANDIDATE	INDEXED_ONLY	Must inspect useOn/use/updatePlacementContext/getPlacementState override and level position ownership
FoodOnAStickItem	POSSIBLE_NONPLACEMENT_ITEM	INDEXED_ONLY	Must inspect useOn/use/updatePlacementContext/getPlacementState override and level position ownership
GameMasterBlockItem	DIRECT_OR_ALTERNATE_PLACEMENT_CANDIDATE	INDEXED_ONLY	Must inspect useOn/use/updatePlacementContext/getPlacementState override and level position ownership
GlowInkSacItem	POSSIBLE_NONPLACEMENT_ITEM	INDEXED_ONLY	Must inspect useOn/use/updatePlacementContext/getPlacementState override and level position ownership
HangingEntityItem	POSSIBLE_NONPLACEMENT_ITEM	INDEXED_ONLY	Must inspect useOn/use/updatePlacementContext/getPlacementState override and level position ownership
HangingSignItem	DIRECT_OR_ALTERNATE_PLACEMENT_CANDIDATE	INDEXED_ONLY	Must inspect useOn/use/updatePlacementContext/getPlacementState override and level position ownership
HoeItem	DIRECT_OR_ALTERNATE_PLACEMENT_CANDIDATE	INDEXED_ONLY	Must inspect useOn/use/updatePlacementContext/getPlacementState override and level position ownership
HoneyBottleItem	POSSIBLE_NONPLACEMENT_ITEM	INDEXED_ONLY	Must inspect useOn/use/updatePlacementContext/getPlacementState override and level position ownership
HoneycombItem	POSSIBLE_NONPLACEMENT_ITEM	INDEXED_ONLY	Must inspect useOn/use/updatePlacementContext/getPlacementState override and level position ownership
InkSacItem	POSSIBLE_NONPLACEMENT_ITEM	INDEXED_ONLY	Must inspect useOn/use/updatePlacementContext/getPlacementState override and level position ownership
Instrument	POSSIBLE_NONPLACEMENT_ITEM	INDEXED_ONLY	Must inspect useOn/use/updatePlacementContext/getPlacementState override and level position ownership
InstrumentItem	POSSIBLE_NONPLACEMENT_ITEM	INDEXED_ONLY	Must inspect useOn/use/updatePlacementContext/getPlacementState override and level position ownership
Instruments	POSSIBLE_NONPLACEMENT_ITEM	INDEXED_ONLY	Must inspect useOn/use/updatePlacementContext/getPlacementState override and level position ownership
Item	POSSIBLE_NONPLACEMENT_ITEM	INDEXED_ONLY	Must inspect useOn/use/updatePlacementContext/getPlacementState override and level position ownership
ItemCooldowns	POSSIBLE_NONPLACEMENT_ITEM	INDEXED_ONLY	Must inspect useOn/use/updatePlacementContext/getPlacementState override and level position ownership
ItemDisplayContext	POSSIBLE_NONPLACEMENT_ITEM	INDEXED_ONLY	Must inspect useOn/use/updatePlacementContext/getPlacementState override and level position ownership
ItemFrameItem	POSSIBLE_NONPLACEMENT_ITEM	INDEXED_ONLY	Must inspect useOn/use/updatePlacementContext/getPlacementState override and level position ownership
ItemNameBlockItem	DIRECT_OR_ALTERNATE_PLACEMENT_CANDIDATE	INDEXED_ONLY	Must inspect useOn/use/updatePlacementContext/getPlacementState override and level position ownership
ItemStack	POSSIBLE_NONPLACEMENT_ITEM	INDEXED_ONLY	Must inspect useOn/use/updatePlacementContext/getPlacementState override and level position ownership
ItemStackLinkedSet	POSSIBLE_NONPLACEMENT_ITEM	INDEXED_ONLY	Must inspect useOn/use/updatePlacementContext/getPlacementState override and level position ownership
ItemUtils	POSSIBLE_NONPLACEMENT_ITEM	INDEXED_ONLY	Must inspect useOn/use/updatePlacementContext/getPlacementState override and level position ownership
Items	POSSIBLE_NONPLACEMENT_ITEM	INDEXED_ONLY	Must inspect useOn/use/updatePlacementContext/getPlacementState override and level position ownership
JukeboxPlayable	POSSIBLE_NONPLACEMENT_ITEM	INDEXED_ONLY	Must inspect useOn/use/updatePlacementContext/getPlacementState override and level position ownership
JukeboxSong	POSSIBLE_NONPLACEMENT_ITEM	INDEXED_ONLY	Must inspect useOn/use/updatePlacementContext/getPlacementState override and level position ownership
JukeboxSongPlayer	POSSIBLE_NONPLACEMENT_ITEM	INDEXED_ONLY	Must inspect useOn/use/updatePlacementContext/getPlacementState override and level position ownership
JukeboxSongs	POSSIBLE_NONPLACEMENT_ITEM	INDEXED_ONLY	Must inspect useOn/use/updatePlacementContext/getPlacementState override and level position ownership
KnowledgeBookItem	POSSIBLE_NONPLACEMENT_ITEM	INDEXED_ONLY	Must inspect useOn/use/updatePlacementContext/getPlacementState override and level position ownership
LeadItem	POSSIBLE_NONPLACEMENT_ITEM	INDEXED_ONLY	Must inspect useOn/use/updatePlacementContext/getPlacementState override and level position ownership
LingeringPotionItem	POSSIBLE_NONPLACEMENT_ITEM	INDEXED_ONLY	Must inspect useOn/use/updatePlacementContext/getPlacementState override and level position ownership
MaceItem	POSSIBLE_NONPLACEMENT_ITEM	INDEXED_ONLY	Must inspect useOn/use/updatePlacementContext/getPlacementState override and level position ownership
MapItem	POSSIBLE_NONPLACEMENT_ITEM	INDEXED_ONLY	Must inspect useOn/use/updatePlacementContext/getPlacementState override and level position ownership
MilkBucketItem	DIRECT_OR_ALTERNATE_PLACEMENT_CANDIDATE	INDEXED_ONLY	Must inspect useOn/use/updatePlacementContext/getPlacementState override and level position ownership
MinecartItem	DIRECT_OR_ALTERNATE_PLACEMENT_CANDIDATE	INDEXED_ONLY	Must inspect useOn/use/updatePlacementContext/getPlacementState override and level position ownership
MobBucketItem	DIRECT_OR_ALTERNATE_PLACEMENT_CANDIDATE	INDEXED_ONLY	Must inspect useOn/use/updatePlacementContext/getPlacementState override and level position ownership
NameTagItem	POSSIBLE_NONPLACEMENT_ITEM	INDEXED_ONLY	Must inspect useOn/use/updatePlacementContext/getPlacementState override and level position ownership
OminousBottleItem	POSSIBLE_NONPLACEMENT_ITEM	INDEXED_ONLY	Must inspect useOn/use/updatePlacementContext/getPlacementState override and level position ownership
PickaxeItem	POSSIBLE_NONPLACEMENT_ITEM	INDEXED_ONLY	Must inspect useOn/use/updatePlacementContext/getPlacementState override and level position ownership
PlaceOnWaterBlockItem	DIRECT_OR_ALTERNATE_PLACEMENT_CANDIDATE	INDEXED_ONLY	Must inspect useOn/use/updatePlacementContext/getPlacementState override and level position ownership
PlayerHeadItem	POSSIBLE_NONPLACEMENT_ITEM	INDEXED_ONLY	Must inspect useOn/use/updatePlacementContext/getPlacementState override and level position ownership
PotionItem	POSSIBLE_NONPLACEMENT_ITEM	INDEXED_ONLY	Must inspect useOn/use/updatePlacementContext/getPlacementState override and level position ownership
ProjectileItem	POSSIBLE_NONPLACEMENT_ITEM	INDEXED_ONLY	Must inspect useOn/use/updatePlacementContext/getPlacementState override and level position ownership
ProjectileWeaponItem	POSSIBLE_NONPLACEMENT_ITEM	INDEXED_ONLY	Must inspect useOn/use/updatePlacementContext/getPlacementState override and level position ownership
Rarity	POSSIBLE_NONPLACEMENT_ITEM	INDEXED_ONLY	Must inspect useOn/use/updatePlacementContext/getPlacementState override and level position ownership
SaddleItem	POSSIBLE_NONPLACEMENT_ITEM	INDEXED_ONLY	Must inspect useOn/use/updatePlacementContext/getPlacementState override and level position ownership
ScaffoldingBlockItem	DIRECT_OR_ALTERNATE_PLACEMENT_CANDIDATE	INDEXED_ONLY	Must inspect useOn/use/updatePlacementContext/getPlacementState override and level position ownership
ServerItemCooldowns	POSSIBLE_NONPLACEMENT_ITEM	INDEXED_ONLY	Must inspect useOn/use/updatePlacementContext/getPlacementState override and level position ownership
ShearsItem	POSSIBLE_NONPLACEMENT_ITEM	INDEXED_ONLY	Must inspect useOn/use/updatePlacementContext/getPlacementState override and level position ownership
ShieldItem	POSSIBLE_NONPLACEMENT_ITEM	INDEXED_ONLY	Must inspect useOn/use/updatePlacementContext/getPlacementState override and level position ownership
ShovelItem	POSSIBLE_NONPLACEMENT_ITEM	INDEXED_ONLY	Must inspect useOn/use/updatePlacementContext/getPlacementState override and level position ownership
SignApplicator	POSSIBLE_NONPLACEMENT_ITEM	INDEXED_ONLY	Must inspect useOn/use/updatePlacementContext/getPlacementState override and level position ownership
SignItem	DIRECT_OR_ALTERNATE_PLACEMENT_CANDIDATE	INDEXED_ONLY	Must inspect useOn/use/updatePlacementContext/getPlacementState override and level position ownership
SmithingTemplateItem	POSSIBLE_NONPLACEMENT_ITEM	INDEXED_ONLY	Must inspect useOn/use/updatePlacementContext/getPlacementState override and level position ownership
SnowballItem	POSSIBLE_NONPLACEMENT_ITEM	INDEXED_ONLY	Must inspect useOn/use/updatePlacementContext/getPlacementState override and level position ownership
SolidBucketItem	DIRECT_OR_ALTERNATE_PLACEMENT_CANDIDATE	INDEXED_ONLY	Must inspect useOn/use/updatePlacementContext/getPlacementState override and level position ownership
SpawnEggItem	POSSIBLE_NONPLACEMENT_ITEM	INDEXED_ONLY	Must inspect useOn/use/updatePlacementContext/getPlacementState override and level position ownership
SpectralArrowItem	POSSIBLE_NONPLACEMENT_ITEM	INDEXED_ONLY	Must inspect useOn/use/updatePlacementContext/getPlacementState override and level position ownership
SplashPotionItem	POSSIBLE_NONPLACEMENT_ITEM	INDEXED_ONLY	Must inspect useOn/use/updatePlacementContext/getPlacementState override and level position ownership
SpyglassItem	POSSIBLE_NONPLACEMENT_ITEM	INDEXED_ONLY	Must inspect useOn/use/updatePlacementContext/getPlacementState override and level position ownership
StandingAndWallBlockItem	DIRECT_OR_ALTERNATE_PLACEMENT_CANDIDATE	INDEXED_ONLY	Must inspect useOn/use/updatePlacementContext/getPlacementState override and level position ownership
SuspiciousStewItem	POSSIBLE_NONPLACEMENT_ITEM	INDEXED_ONLY	Must inspect useOn/use/updatePlacementContext/getPlacementState override and level position ownership
SwordItem	POSSIBLE_NONPLACEMENT_ITEM	INDEXED_ONLY	Must inspect useOn/use/updatePlacementContext/getPlacementState override and level position ownership
ThrowablePotionItem	POSSIBLE_NONPLACEMENT_ITEM	INDEXED_ONLY	Must inspect useOn/use/updatePlacementContext/getPlacementState override and level position ownership
Tier	POSSIBLE_NONPLACEMENT_ITEM	INDEXED_ONLY	Must inspect useOn/use/updatePlacementContext/getPlacementState override and level position ownership
TieredItem	POSSIBLE_NONPLACEMENT_ITEM	INDEXED_ONLY	Must inspect useOn/use/updatePlacementContext/getPlacementState override and level position ownership
Tiers	POSSIBLE_NONPLACEMENT_ITEM	INDEXED_ONLY	Must inspect useOn/use/updatePlacementContext/getPlacementState override and level position ownership
TippedArrowItem	POSSIBLE_NONPLACEMENT_ITEM	INDEXED_ONLY	Must inspect useOn/use/updatePlacementContext/getPlacementState override and level position ownership
TooltipFlag	POSSIBLE_NONPLACEMENT_ITEM	INDEXED_ONLY	Must inspect useOn/use/updatePlacementContext/getPlacementState override and level position ownership
TridentItem	POSSIBLE_NONPLACEMENT_ITEM	INDEXED_ONLY	Must inspect useOn/use/updatePlacementContext/getPlacementState override and level position ownership
UseAnim	POSSIBLE_NONPLACEMENT_ITEM	INDEXED_ONLY	Must inspect useOn/use/updatePlacementContext/getPlacementState override and level position ownership
WindChargeItem	POSSIBLE_NONPLACEMENT_ITEM	INDEXED_ONLY	Must inspect useOn/use/updatePlacementContext/getPlacementState override and level position ownership
WritableBookItem	POSSIBLE_NONPLACEMENT_ITEM	INDEXED_ONLY	Must inspect useOn/use/updatePlacementContext/getPlacementState override and level position ownership
WrittenBookItem	POSSIBLE_NONPLACEMENT_ITEM	INDEXED_ONLY	Must inspect useOn/use/updatePlacementContext/getPlacementState override and level position ownership
package-info	POSSIBLE_NONPLACEMENT_ITEM	INDEXED_ONLY	Must inspect useOn/use/updatePlacementContext/getPlacementState override and level position ownership
