java_class	registered_block_ids_count	registered_block_ids_reviewed_only	getStateForPlacement_owner	canSurvive_owner	updateShape_owner	randomTick_owner	setPlacedBy_owner	phase_mechanisms	disposition	registry_dispatch_evidence	comparative_source_evidence	neoforge_patch_bytecode_review	planet_adapter_acceptance	gameplay_acceptance	source_semantics_notes
net.minecraft.world.level.block.AirBlock	3	SEE_REGISTRY_ARTIFACT	REVIEW_PENDING	REVIEW_PENDING	REVIEW_PENDING	REVIEW_PENDING	REVIEW_PENDING	REVIEW_PENDING	REVIEW_PENDING	REGISTRY_CLASS_AND_COUNT_VERIFIED_ONLY	REVIEW_PENDING	REVIEW_PENDING	REVIEW_PENDING	REVIEW_PENDING	Method semantics NOT audited; all mechanism owners and bypasses REVIEW_PENDING
net.minecraft.world.level.block.AmethystBlock	1	SEE_REGISTRY_ARTIFACT	REVIEW_PENDING	REVIEW_PENDING	REVIEW_PENDING	REVIEW_PENDING	REVIEW_PENDING	REVIEW_PENDING	REVIEW_PENDING	REGISTRY_CLASS_AND_COUNT_VERIFIED_ONLY	REVIEW_PENDING	REVIEW_PENDING	REVIEW_PENDING	REVIEW_PENDING	Method semantics NOT audited; all mechanism owners and bypasses REVIEW_PENDING
net.minecraft.world.level.block.AmethystClusterBlock	4	SEE_REGISTRY_ARTIFACT	REVIEW_PENDING	REVIEW_PENDING	REVIEW_PENDING	REVIEW_PENDING	REVIEW_PENDING	REVIEW_PENDING	REVIEW_PENDING	REGISTRY_CLASS_AND_COUNT_VERIFIED_ONLY	REVIEW_PENDING	REVIEW_PENDING	REVIEW_PENDING	REVIEW_PENDING	Method semantics NOT audited; all mechanism owners and bypasses REVIEW_PENDING
net.minecraft.world.level.block.AnvilBlock	3	SEE_REGISTRY_ARTIFACT	REVIEW_PENDING	REVIEW_PENDING	REVIEW_PENDING	REVIEW_PENDING	REVIEW_PENDING	REVIEW_PENDING	REVIEW_PENDING	REGISTRY_CLASS_AND_COUNT_VERIFIED_ONLY	REVIEW_PENDING	REVIEW_PENDING	REVIEW_PENDING	REVIEW_PENDING	Method semantics NOT audited; all mechanism owners and bypasses REVIEW_PENDING
net.minecraft.world.level.block.AttachedStemBlock	2	SEE_REGISTRY_ARTIFACT	REVIEW_PENDING	REVIEW_PENDING	REVIEW_PENDING	REVIEW_PENDING	REVIEW_PENDING	REVIEW_PENDING	REVIEW_PENDING	REGISTRY_CLASS_AND_COUNT_VERIFIED_ONLY	REVIEW_PENDING	REVIEW_PENDING	REVIEW_PENDING	REVIEW_PENDING	Method semantics NOT audited; all mechanism owners and bypasses REVIEW_PENDING
net.minecraft.world.level.block.AzaleaBlock	2	minecraft:azalea,minecraft:flowering_azalea	Block	BushBlock	BushBlock	BlockBehaviour	Block	P22,P30	SOURCE_REVIEWED_INTEGRATION_PENDING	REFLECTION_OWNER_VERIFIED	https://github.com/hackersense/OptiFine-Source/blob/b77c5c6995874f6cf2755bc5234428906b337b75/1.21.1/net/minecraft/world/level/block/AzaleaBlock.java#L40	REVIEW_PENDING	REVIEW_PENDING	REVIEW_PENDING	Bush support with CLAY mayPlaceOn extension; bonemeal validates above fluid then TreeGrower; authored feature writes Phase8
net.minecraft.world.level.block.BambooSaplingBlock	1	SEE_REGISTRY_ARTIFACT	REVIEW_PENDING	REVIEW_PENDING	REVIEW_PENDING	REVIEW_PENDING	REVIEW_PENDING	REVIEW_PENDING	REVIEW_PENDING	REGISTRY_CLASS_AND_COUNT_VERIFIED_ONLY	REVIEW_PENDING	REVIEW_PENDING	REVIEW_PENDING	REVIEW_PENDING	Method semantics NOT audited; all mechanism owners and bypasses REVIEW_PENDING
net.minecraft.world.level.block.BambooStalkBlock	1	SEE_REGISTRY_ARTIFACT	REVIEW_PENDING	REVIEW_PENDING	REVIEW_PENDING	REVIEW_PENDING	REVIEW_PENDING	REVIEW_PENDING	REVIEW_PENDING	REGISTRY_CLASS_AND_COUNT_VERIFIED_ONLY	REVIEW_PENDING	REVIEW_PENDING	REVIEW_PENDING	REVIEW_PENDING	Method semantics NOT audited; all mechanism owners and bypasses REVIEW_PENDING
net.minecraft.world.level.block.BannerBlock	16	SEE_REGISTRY_ARTIFACT	REVIEW_PENDING	REVIEW_PENDING	REVIEW_PENDING	REVIEW_PENDING	REVIEW_PENDING	REVIEW_PENDING	REVIEW_PENDING	REGISTRY_CLASS_AND_COUNT_VERIFIED_ONLY	REVIEW_PENDING	REVIEW_PENDING	REVIEW_PENDING	REVIEW_PENDING	Method semantics NOT audited; all mechanism owners and bypasses REVIEW_PENDING
net.minecraft.world.level.block.BarrelBlock	1	SEE_REGISTRY_ARTIFACT	REVIEW_PENDING	REVIEW_PENDING	REVIEW_PENDING	REVIEW_PENDING	REVIEW_PENDING	REVIEW_PENDING	REVIEW_PENDING	REGISTRY_CLASS_AND_COUNT_VERIFIED_ONLY	REVIEW_PENDING	REVIEW_PENDING	REVIEW_PENDING	REVIEW_PENDING	Method semantics NOT audited; all mechanism owners and bypasses REVIEW_PENDING
net.minecraft.world.level.block.BarrierBlock	1	SEE_REGISTRY_ARTIFACT	REVIEW_PENDING	REVIEW_PENDING	REVIEW_PENDING	REVIEW_PENDING	REVIEW_PENDING	REVIEW_PENDING	REVIEW_PENDING	REGISTRY_CLASS_AND_COUNT_VERIFIED_ONLY	REVIEW_PENDING	REVIEW_PENDING	REVIEW_PENDING	REVIEW_PENDING	Method semantics NOT audited; all mechanism owners and bypasses REVIEW_PENDING
net.minecraft.world.level.block.BaseCoralFanBlock	5	SEE_REGISTRY_ARTIFACT	REVIEW_PENDING	REVIEW_PENDING	REVIEW_PENDING	REVIEW_PENDING	REVIEW_PENDING	REVIEW_PENDING	REVIEW_PENDING	REGISTRY_CLASS_AND_COUNT_VERIFIED_ONLY	REVIEW_PENDING	REVIEW_PENDING	REVIEW_PENDING	REVIEW_PENDING	Method semantics NOT audited; all mechanism owners and bypasses REVIEW_PENDING
net.minecraft.world.level.block.BaseCoralPlantBlock	5	SEE_REGISTRY_ARTIFACT	REVIEW_PENDING	REVIEW_PENDING	REVIEW_PENDING	REVIEW_PENDING	REVIEW_PENDING	REVIEW_PENDING	REVIEW_PENDING	REGISTRY_CLASS_AND_COUNT_VERIFIED_ONLY	REVIEW_PENDING	REVIEW_PENDING	REVIEW_PENDING	REVIEW_PENDING	Method semantics NOT audited; all mechanism owners and bypasses REVIEW_PENDING
net.minecraft.world.level.block.BaseCoralWallFanBlock	5	SEE_REGISTRY_ARTIFACT	REVIEW_PENDING	REVIEW_PENDING	REVIEW_PENDING	REVIEW_PENDING	REVIEW_PENDING	REVIEW_PENDING	REVIEW_PENDING	REGISTRY_CLASS_AND_COUNT_VERIFIED_ONLY	REVIEW_PENDING	REVIEW_PENDING	REVIEW_PENDING	REVIEW_PENDING	Method semantics NOT audited; all mechanism owners and bypasses REVIEW_PENDING
net.minecraft.world.level.block.BeaconBlock	1	SEE_REGISTRY_ARTIFACT	REVIEW_PENDING	REVIEW_PENDING	REVIEW_PENDING	REVIEW_PENDING	REVIEW_PENDING	REVIEW_PENDING	REVIEW_PENDING	REGISTRY_CLASS_AND_COUNT_VERIFIED_ONLY	REVIEW_PENDING	REVIEW_PENDING	REVIEW_PENDING	REVIEW_PENDING	Method semantics NOT audited; all mechanism owners and bypasses REVIEW_PENDING
net.minecraft.world.level.block.BedBlock	16	SEE_REGISTRY_ARTIFACT	REVIEW_PENDING	REVIEW_PENDING	REVIEW_PENDING	REVIEW_PENDING	REVIEW_PENDING	REVIEW_PENDING	REVIEW_PENDING	REGISTRY_CLASS_AND_COUNT_VERIFIED_ONLY	REVIEW_PENDING	REVIEW_PENDING	REVIEW_PENDING	REVIEW_PENDING	Method semantics NOT audited; all mechanism owners and bypasses REVIEW_PENDING
net.minecraft.world.level.block.BeehiveBlock	2	SEE_REGISTRY_ARTIFACT	REVIEW_PENDING	REVIEW_PENDING	REVIEW_PENDING	REVIEW_PENDING	REVIEW_PENDING	REVIEW_PENDING	REVIEW_PENDING	REGISTRY_CLASS_AND_COUNT_VERIFIED_ONLY	REVIEW_PENDING	REVIEW_PENDING	REVIEW_PENDING	REVIEW_PENDING	Method semantics NOT audited; all mechanism owners and bypasses REVIEW_PENDING
net.minecraft.world.level.block.BeetrootBlock	1	minecraft:beetroots	Block	CropBlock	BushBlock	BeetrootBlock	Block	P22,P30,P34	SOURCE_REVIEWED_INTEGRATION_PENDING	REFLECTION_OWNER_VERIFIED	https://github.com/hackersense/OptiFine-Source/blob/b77c5c6995874f6cf2755bc5234428906b337b75/1.21.1/net/minecraft/world/level/block/BeetrootBlock.java#L62	REVIEW_PENDING	REVIEW_PENDING	REVIEW_PENDING	Crop light and FARMLAND via CropBlock->BushBlock; own extra RNG gate and bonemeal age
net.minecraft.world.level.block.BellBlock	1	SEE_REGISTRY_ARTIFACT	REVIEW_PENDING	REVIEW_PENDING	REVIEW_PENDING	REVIEW_PENDING	REVIEW_PENDING	REVIEW_PENDING	REVIEW_PENDING	REGISTRY_CLASS_AND_COUNT_VERIFIED_ONLY	REVIEW_PENDING	REVIEW_PENDING	REVIEW_PENDING	REVIEW_PENDING	Method semantics NOT audited; all mechanism owners and bypasses REVIEW_PENDING
net.minecraft.world.level.block.BigDripleafBlock	1	SEE_REGISTRY_ARTIFACT	REVIEW_PENDING	REVIEW_PENDING	REVIEW_PENDING	REVIEW_PENDING	REVIEW_PENDING	REVIEW_PENDING	REVIEW_PENDING	REGISTRY_CLASS_AND_COUNT_VERIFIED_ONLY	REVIEW_PENDING	REVIEW_PENDING	REVIEW_PENDING	REVIEW_PENDING	Method semantics NOT audited; all mechanism owners and bypasses REVIEW_PENDING
net.minecraft.world.level.block.BigDripleafStemBlock	1	SEE_REGISTRY_ARTIFACT	REVIEW_PENDING	REVIEW_PENDING	REVIEW_PENDING	REVIEW_PENDING	REVIEW_PENDING	REVIEW_PENDING	REVIEW_PENDING	REGISTRY_CLASS_AND_COUNT_VERIFIED_ONLY	REVIEW_PENDING	REVIEW_PENDING	REVIEW_PENDING	REVIEW_PENDING	Method semantics NOT audited; all mechanism owners and bypasses REVIEW_PENDING
net.minecraft.world.level.block.BlastFurnaceBlock	1	SEE_REGISTRY_ARTIFACT	REVIEW_PENDING	REVIEW_PENDING	REVIEW_PENDING	REVIEW_PENDING	REVIEW_PENDING	REVIEW_PENDING	REVIEW_PENDING	REGISTRY_CLASS_AND_COUNT_VERIFIED_ONLY	REVIEW_PENDING	REVIEW_PENDING	REVIEW_PENDING	REVIEW_PENDING	Method semantics NOT audited; all mechanism owners and bypasses REVIEW_PENDING
net.minecraft.world.level.block.Block	168	SEE_REGISTRY_ARTIFACT	REVIEW_PENDING	REVIEW_PENDING	REVIEW_PENDING	REVIEW_PENDING	REVIEW_PENDING	REVIEW_PENDING	REVIEW_PENDING	REGISTRY_CLASS_AND_COUNT_VERIFIED_ONLY	REVIEW_PENDING	REVIEW_PENDING	REVIEW_PENDING	REVIEW_PENDING	Method semantics NOT audited; all mechanism owners and bypasses REVIEW_PENDING
net.minecraft.world.level.block.BrewingStandBlock	1	SEE_REGISTRY_ARTIFACT	REVIEW_PENDING	REVIEW_PENDING	REVIEW_PENDING	REVIEW_PENDING	REVIEW_PENDING	REVIEW_PENDING	REVIEW_PENDING	REGISTRY_CLASS_AND_COUNT_VERIFIED_ONLY	REVIEW_PENDING	REVIEW_PENDING	REVIEW_PENDING	REVIEW_PENDING	Method semantics NOT audited; all mechanism owners and bypasses REVIEW_PENDING
net.minecraft.world.level.block.BrushableBlock	2	SEE_REGISTRY_ARTIFACT	REVIEW_PENDING	REVIEW_PENDING	REVIEW_PENDING	REVIEW_PENDING	REVIEW_PENDING	REVIEW_PENDING	REVIEW_PENDING	REGISTRY_CLASS_AND_COUNT_VERIFIED_ONLY	REVIEW_PENDING	REVIEW_PENDING	REVIEW_PENDING	REVIEW_PENDING	Method semantics NOT audited; all mechanism owners and bypasses REVIEW_PENDING
net.minecraft.world.level.block.BubbleColumnBlock	1	SEE_REGISTRY_ARTIFACT	REVIEW_PENDING	REVIEW_PENDING	REVIEW_PENDING	REVIEW_PENDING	REVIEW_PENDING	REVIEW_PENDING	REVIEW_PENDING	REGISTRY_CLASS_AND_COUNT_VERIFIED_ONLY	REVIEW_PENDING	REVIEW_PENDING	REVIEW_PENDING	REVIEW_PENDING	Method semantics NOT audited; all mechanism owners and bypasses REVIEW_PENDING
net.minecraft.world.level.block.BuddingAmethystBlock	1	SEE_REGISTRY_ARTIFACT	REVIEW_PENDING	REVIEW_PENDING	REVIEW_PENDING	REVIEW_PENDING	REVIEW_PENDING	REVIEW_PENDING	REVIEW_PENDING	REGISTRY_CLASS_AND_COUNT_VERIFIED_ONLY	REVIEW_PENDING	REVIEW_PENDING	REVIEW_PENDING	REVIEW_PENDING	Method semantics NOT audited; all mechanism owners and bypasses REVIEW_PENDING
net.minecraft.world.level.block.ButtonBlock	13	SEE_REGISTRY_ARTIFACT	REVIEW_PENDING	REVIEW_PENDING	REVIEW_PENDING	REVIEW_PENDING	REVIEW_PENDING	REVIEW_PENDING	REVIEW_PENDING	REGISTRY_CLASS_AND_COUNT_VERIFIED_ONLY	REVIEW_PENDING	REVIEW_PENDING	REVIEW_PENDING	REVIEW_PENDING	Method semantics NOT audited; all mechanism owners and bypasses REVIEW_PENDING
net.minecraft.world.level.block.CactusBlock	1	SEE_REGISTRY_ARTIFACT	REVIEW_PENDING	REVIEW_PENDING	REVIEW_PENDING	REVIEW_PENDING	REVIEW_PENDING	REVIEW_PENDING	REVIEW_PENDING	REGISTRY_CLASS_AND_COUNT_VERIFIED_ONLY	REVIEW_PENDING	REVIEW_PENDING	REVIEW_PENDING	REVIEW_PENDING	Method semantics NOT audited; all mechanism owners and bypasses REVIEW_PENDING
net.minecraft.world.level.block.CakeBlock	1	SEE_REGISTRY_ARTIFACT	REVIEW_PENDING	REVIEW_PENDING	REVIEW_PENDING	REVIEW_PENDING	REVIEW_PENDING	REVIEW_PENDING	REVIEW_PENDING	REGISTRY_CLASS_AND_COUNT_VERIFIED_ONLY	REVIEW_PENDING	REVIEW_PENDING	REVIEW_PENDING	REVIEW_PENDING	Method semantics NOT audited; all mechanism owners and bypasses REVIEW_PENDING
net.minecraft.world.level.block.CalibratedSculkSensorBlock	1	SEE_REGISTRY_ARTIFACT	REVIEW_PENDING	REVIEW_PENDING	REVIEW_PENDING	REVIEW_PENDING	REVIEW_PENDING	REVIEW_PENDING	REVIEW_PENDING	REGISTRY_CLASS_AND_COUNT_VERIFIED_ONLY	REVIEW_PENDING	REVIEW_PENDING	REVIEW_PENDING	REVIEW_PENDING	Method semantics NOT audited; all mechanism owners and bypasses REVIEW_PENDING
net.minecraft.world.level.block.CampfireBlock	2	SEE_REGISTRY_ARTIFACT	REVIEW_PENDING	REVIEW_PENDING	REVIEW_PENDING	REVIEW_PENDING	REVIEW_PENDING	REVIEW_PENDING	REVIEW_PENDING	REGISTRY_CLASS_AND_COUNT_VERIFIED_ONLY	REVIEW_PENDING	REVIEW_PENDING	REVIEW_PENDING	REVIEW_PENDING	Method semantics NOT audited; all mechanism owners and bypasses REVIEW_PENDING
net.minecraft.world.level.block.CandleBlock	17	SEE_REGISTRY_ARTIFACT	REVIEW_PENDING	REVIEW_PENDING	REVIEW_PENDING	REVIEW_PENDING	REVIEW_PENDING	REVIEW_PENDING	REVIEW_PENDING	REGISTRY_CLASS_AND_COUNT_VERIFIED_ONLY	REVIEW_PENDING	REVIEW_PENDING	REVIEW_PENDING	REVIEW_PENDING	Method semantics NOT audited; all mechanism owners and bypasses REVIEW_PENDING
net.minecraft.world.level.block.CandleCakeBlock	17	SEE_REGISTRY_ARTIFACT	REVIEW_PENDING	REVIEW_PENDING	REVIEW_PENDING	REVIEW_PENDING	REVIEW_PENDING	REVIEW_PENDING	REVIEW_PENDING	REGISTRY_CLASS_AND_COUNT_VERIFIED_ONLY	REVIEW_PENDING	REVIEW_PENDING	REVIEW_PENDING	REVIEW_PENDING	Method semantics NOT audited; all mechanism owners and bypasses REVIEW_PENDING
net.minecraft.world.level.block.CarpetBlock	1	SEE_REGISTRY_ARTIFACT	REVIEW_PENDING	REVIEW_PENDING	REVIEW_PENDING	REVIEW_PENDING	REVIEW_PENDING	REVIEW_PENDING	REVIEW_PENDING	REGISTRY_CLASS_AND_COUNT_VERIFIED_ONLY	REVIEW_PENDING	REVIEW_PENDING	REVIEW_PENDING	REVIEW_PENDING	Method semantics NOT audited; all mechanism owners and bypasses REVIEW_PENDING
net.minecraft.world.level.block.CarrotBlock	1	minecraft:carrots	Block	CropBlock	BushBlock	CropBlock	Block	P22,P30,P34	SOURCE_REVIEWED_INTEGRATION_PENDING	REFLECTION_OWNER_VERIFIED	https://github.com/hackersense/OptiFine-Source/blob/b77c5c6995874f6cf2755bc5234428906b337b75/1.21.1/net/minecraft/world/level/block/CropBlock.java#L134	REVIEW_PENDING	REVIEW_PENDING	REVIEW_PENDING	Inherited CropBlock support/light and XZ 3x3 farmland growth graph
net.minecraft.world.level.block.CartographyTableBlock	1	SEE_REGISTRY_ARTIFACT	REVIEW_PENDING	REVIEW_PENDING	REVIEW_PENDING	REVIEW_PENDING	REVIEW_PENDING	REVIEW_PENDING	REVIEW_PENDING	REGISTRY_CLASS_AND_COUNT_VERIFIED_ONLY	REVIEW_PENDING	REVIEW_PENDING	REVIEW_PENDING	REVIEW_PENDING	Method semantics NOT audited; all mechanism owners and bypasses REVIEW_PENDING
net.minecraft.world.level.block.CarvedPumpkinBlock	1	SEE_REGISTRY_ARTIFACT	REVIEW_PENDING	REVIEW_PENDING	REVIEW_PENDING	REVIEW_PENDING	REVIEW_PENDING	REVIEW_PENDING	REVIEW_PENDING	REGISTRY_CLASS_AND_COUNT_VERIFIED_ONLY	REVIEW_PENDING	REVIEW_PENDING	REVIEW_PENDING	REVIEW_PENDING	Method semantics NOT audited; all mechanism owners and bypasses REVIEW_PENDING
net.minecraft.world.level.block.CauldronBlock	1	SEE_REGISTRY_ARTIFACT	REVIEW_PENDING	REVIEW_PENDING	REVIEW_PENDING	REVIEW_PENDING	REVIEW_PENDING	REVIEW_PENDING	REVIEW_PENDING	REGISTRY_CLASS_AND_COUNT_VERIFIED_ONLY	REVIEW_PENDING	REVIEW_PENDING	REVIEW_PENDING	REVIEW_PENDING	Method semantics NOT audited; all mechanism owners and bypasses REVIEW_PENDING
net.minecraft.world.level.block.CaveVinesBlock	1	SEE_REGISTRY_ARTIFACT	REVIEW_PENDING	REVIEW_PENDING	REVIEW_PENDING	REVIEW_PENDING	REVIEW_PENDING	REVIEW_PENDING	REVIEW_PENDING	REGISTRY_CLASS_AND_COUNT_VERIFIED_ONLY	REVIEW_PENDING	REVIEW_PENDING	REVIEW_PENDING	REVIEW_PENDING	Method semantics NOT audited; all mechanism owners and bypasses REVIEW_PENDING
net.minecraft.world.level.block.CaveVinesPlantBlock	1	SEE_REGISTRY_ARTIFACT	REVIEW_PENDING	REVIEW_PENDING	REVIEW_PENDING	REVIEW_PENDING	REVIEW_PENDING	REVIEW_PENDING	REVIEW_PENDING	REGISTRY_CLASS_AND_COUNT_VERIFIED_ONLY	REVIEW_PENDING	REVIEW_PENDING	REVIEW_PENDING	REVIEW_PENDING	Method semantics NOT audited; all mechanism owners and bypasses REVIEW_PENDING
net.minecraft.world.level.block.CeilingHangingSignBlock	11	SEE_REGISTRY_ARTIFACT	REVIEW_PENDING	REVIEW_PENDING	REVIEW_PENDING	REVIEW_PENDING	REVIEW_PENDING	REVIEW_PENDING	REVIEW_PENDING	REGISTRY_CLASS_AND_COUNT_VERIFIED_ONLY	REVIEW_PENDING	REVIEW_PENDING	REVIEW_PENDING	REVIEW_PENDING	Method semantics NOT audited; all mechanism owners and bypasses REVIEW_PENDING
net.minecraft.world.level.block.ChainBlock	1	SEE_REGISTRY_ARTIFACT	REVIEW_PENDING	REVIEW_PENDING	REVIEW_PENDING	REVIEW_PENDING	REVIEW_PENDING	REVIEW_PENDING	REVIEW_PENDING	REGISTRY_CLASS_AND_COUNT_VERIFIED_ONLY	REVIEW_PENDING	REVIEW_PENDING	REVIEW_PENDING	REVIEW_PENDING	Method semantics NOT audited; all mechanism owners and bypasses REVIEW_PENDING
net.minecraft.world.level.block.CherryLeavesBlock	1	SEE_REGISTRY_ARTIFACT	REVIEW_PENDING	REVIEW_PENDING	REVIEW_PENDING	REVIEW_PENDING	REVIEW_PENDING	REVIEW_PENDING	REVIEW_PENDING	REGISTRY_CLASS_AND_COUNT_VERIFIED_ONLY	REVIEW_PENDING	REVIEW_PENDING	REVIEW_PENDING	REVIEW_PENDING	Method semantics NOT audited; all mechanism owners and bypasses REVIEW_PENDING
net.minecraft.world.level.block.ChestBlock	1	SEE_REGISTRY_ARTIFACT	REVIEW_PENDING	REVIEW_PENDING	REVIEW_PENDING	REVIEW_PENDING	REVIEW_PENDING	REVIEW_PENDING	REVIEW_PENDING	REGISTRY_CLASS_AND_COUNT_VERIFIED_ONLY	REVIEW_PENDING	REVIEW_PENDING	REVIEW_PENDING	REVIEW_PENDING	Method semantics NOT audited; all mechanism owners and bypasses REVIEW_PENDING
net.minecraft.world.level.block.ChiseledBookShelfBlock	1	SEE_REGISTRY_ARTIFACT	REVIEW_PENDING	REVIEW_PENDING	REVIEW_PENDING	REVIEW_PENDING	REVIEW_PENDING	REVIEW_PENDING	REVIEW_PENDING	REGISTRY_CLASS_AND_COUNT_VERIFIED_ONLY	REVIEW_PENDING	REVIEW_PENDING	REVIEW_PENDING	REVIEW_PENDING	Method semantics NOT audited; all mechanism owners and bypasses REVIEW_PENDING
net.minecraft.world.level.block.ChorusFlowerBlock	1	SEE_REGISTRY_ARTIFACT	REVIEW_PENDING	REVIEW_PENDING	REVIEW_PENDING	REVIEW_PENDING	REVIEW_PENDING	REVIEW_PENDING	REVIEW_PENDING	REGISTRY_CLASS_AND_COUNT_VERIFIED_ONLY	REVIEW_PENDING	REVIEW_PENDING	REVIEW_PENDING	REVIEW_PENDING	Method semantics NOT audited; all mechanism owners and bypasses REVIEW_PENDING
net.minecraft.world.level.block.ChorusPlantBlock	1	SEE_REGISTRY_ARTIFACT	REVIEW_PENDING	REVIEW_PENDING	REVIEW_PENDING	REVIEW_PENDING	REVIEW_PENDING	REVIEW_PENDING	REVIEW_PENDING	REGISTRY_CLASS_AND_COUNT_VERIFIED_ONLY	REVIEW_PENDING	REVIEW_PENDING	REVIEW_PENDING	REVIEW_PENDING	Method semantics NOT audited; all mechanism owners and bypasses REVIEW_PENDING
net.minecraft.world.level.block.CocoaBlock	1	SEE_REGISTRY_ARTIFACT	REVIEW_PENDING	REVIEW_PENDING	REVIEW_PENDING	REVIEW_PENDING	REVIEW_PENDING	REVIEW_PENDING	REVIEW_PENDING	REGISTRY_CLASS_AND_COUNT_VERIFIED_ONLY	REVIEW_PENDING	REVIEW_PENDING	REVIEW_PENDING	REVIEW_PENDING	Method semantics NOT audited; all mechanism owners and bypasses REVIEW_PENDING
net.minecraft.world.level.block.ColoredFallingBlock	3	SEE_REGISTRY_ARTIFACT	REVIEW_PENDING	REVIEW_PENDING	REVIEW_PENDING	REVIEW_PENDING	REVIEW_PENDING	REVIEW_PENDING	REVIEW_PENDING	REGISTRY_CLASS_AND_COUNT_VERIFIED_ONLY	REVIEW_PENDING	REVIEW_PENDING	REVIEW_PENDING	REVIEW_PENDING	Method semantics NOT audited; all mechanism owners and bypasses REVIEW_PENDING
net.minecraft.world.level.block.CommandBlock	3	SEE_REGISTRY_ARTIFACT	REVIEW_PENDING	REVIEW_PENDING	REVIEW_PENDING	REVIEW_PENDING	REVIEW_PENDING	REVIEW_PENDING	REVIEW_PENDING	REGISTRY_CLASS_AND_COUNT_VERIFIED_ONLY	REVIEW_PENDING	REVIEW_PENDING	REVIEW_PENDING	REVIEW_PENDING	Method semantics NOT audited; all mechanism owners and bypasses REVIEW_PENDING
net.minecraft.world.level.block.ComparatorBlock	1	SEE_REGISTRY_ARTIFACT	REVIEW_PENDING	REVIEW_PENDING	REVIEW_PENDING	REVIEW_PENDING	REVIEW_PENDING	REVIEW_PENDING	REVIEW_PENDING	REGISTRY_CLASS_AND_COUNT_VERIFIED_ONLY	REVIEW_PENDING	REVIEW_PENDING	REVIEW_PENDING	REVIEW_PENDING	Method semantics NOT audited; all mechanism owners and bypasses REVIEW_PENDING
net.minecraft.world.level.block.ComposterBlock	1	SEE_REGISTRY_ARTIFACT	REVIEW_PENDING	REVIEW_PENDING	REVIEW_PENDING	REVIEW_PENDING	REVIEW_PENDING	REVIEW_PENDING	REVIEW_PENDING	REGISTRY_CLASS_AND_COUNT_VERIFIED_ONLY	REVIEW_PENDING	REVIEW_PENDING	REVIEW_PENDING	REVIEW_PENDING	Method semantics NOT audited; all mechanism owners and bypasses REVIEW_PENDING
net.minecraft.world.level.block.ConcretePowderBlock	16	SEE_REGISTRY_ARTIFACT	REVIEW_PENDING	REVIEW_PENDING	REVIEW_PENDING	REVIEW_PENDING	REVIEW_PENDING	REVIEW_PENDING	REVIEW_PENDING	REGISTRY_CLASS_AND_COUNT_VERIFIED_ONLY	REVIEW_PENDING	REVIEW_PENDING	REVIEW_PENDING	REVIEW_PENDING	Method semantics NOT audited; all mechanism owners and bypasses REVIEW_PENDING
net.minecraft.world.level.block.ConduitBlock	1	SEE_REGISTRY_ARTIFACT	REVIEW_PENDING	REVIEW_PENDING	REVIEW_PENDING	REVIEW_PENDING	REVIEW_PENDING	REVIEW_PENDING	REVIEW_PENDING	REGISTRY_CLASS_AND_COUNT_VERIFIED_ONLY	REVIEW_PENDING	REVIEW_PENDING	REVIEW_PENDING	REVIEW_PENDING	Method semantics NOT audited; all mechanism owners and bypasses REVIEW_PENDING
net.minecraft.world.level.block.CopperBulbBlock	4	SEE_REGISTRY_ARTIFACT	REVIEW_PENDING	REVIEW_PENDING	REVIEW_PENDING	REVIEW_PENDING	REVIEW_PENDING	REVIEW_PENDING	REVIEW_PENDING	REGISTRY_CLASS_AND_COUNT_VERIFIED_ONLY	REVIEW_PENDING	REVIEW_PENDING	REVIEW_PENDING	REVIEW_PENDING	Method semantics NOT audited; all mechanism owners and bypasses REVIEW_PENDING
net.minecraft.world.level.block.CoralBlock	5	SEE_REGISTRY_ARTIFACT	REVIEW_PENDING	REVIEW_PENDING	REVIEW_PENDING	REVIEW_PENDING	REVIEW_PENDING	REVIEW_PENDING	REVIEW_PENDING	REGISTRY_CLASS_AND_COUNT_VERIFIED_ONLY	REVIEW_PENDING	REVIEW_PENDING	REVIEW_PENDING	REVIEW_PENDING	Method semantics NOT audited; all mechanism owners and bypasses REVIEW_PENDING
net.minecraft.world.level.block.CoralFanBlock	5	SEE_REGISTRY_ARTIFACT	REVIEW_PENDING	REVIEW_PENDING	REVIEW_PENDING	REVIEW_PENDING	REVIEW_PENDING	REVIEW_PENDING	REVIEW_PENDING	REGISTRY_CLASS_AND_COUNT_VERIFIED_ONLY	REVIEW_PENDING	REVIEW_PENDING	REVIEW_PENDING	REVIEW_PENDING	Method semantics NOT audited; all mechanism owners and bypasses REVIEW_PENDING
net.minecraft.world.level.block.CoralPlantBlock	5	SEE_REGISTRY_ARTIFACT	REVIEW_PENDING	REVIEW_PENDING	REVIEW_PENDING	REVIEW_PENDING	REVIEW_PENDING	REVIEW_PENDING	REVIEW_PENDING	REGISTRY_CLASS_AND_COUNT_VERIFIED_ONLY	REVIEW_PENDING	REVIEW_PENDING	REVIEW_PENDING	REVIEW_PENDING	Method semantics NOT audited; all mechanism owners and bypasses REVIEW_PENDING
net.minecraft.world.level.block.CoralWallFanBlock	5	SEE_REGISTRY_ARTIFACT	REVIEW_PENDING	REVIEW_PENDING	REVIEW_PENDING	REVIEW_PENDING	REVIEW_PENDING	REVIEW_PENDING	REVIEW_PENDING	REGISTRY_CLASS_AND_COUNT_VERIFIED_ONLY	REVIEW_PENDING	REVIEW_PENDING	REVIEW_PENDING	REVIEW_PENDING	Method semantics NOT audited; all mechanism owners and bypasses REVIEW_PENDING
net.minecraft.world.level.block.CrafterBlock	1	SEE_REGISTRY_ARTIFACT	REVIEW_PENDING	REVIEW_PENDING	REVIEW_PENDING	REVIEW_PENDING	REVIEW_PENDING	REVIEW_PENDING	REVIEW_PENDING	REGISTRY_CLASS_AND_COUNT_VERIFIED_ONLY	REVIEW_PENDING	REVIEW_PENDING	REVIEW_PENDING	REVIEW_PENDING	Method semantics NOT audited; all mechanism owners and bypasses REVIEW_PENDING
net.minecraft.world.level.block.CraftingTableBlock	1	SEE_REGISTRY_ARTIFACT	REVIEW_PENDING	REVIEW_PENDING	REVIEW_PENDING	REVIEW_PENDING	REVIEW_PENDING	REVIEW_PENDING	REVIEW_PENDING	REGISTRY_CLASS_AND_COUNT_VERIFIED_ONLY	REVIEW_PENDING	REVIEW_PENDING	REVIEW_PENDING	REVIEW_PENDING	Method semantics NOT audited; all mechanism owners and bypasses REVIEW_PENDING
net.minecraft.world.level.block.CropBlock	1	minecraft:wheat	Block	CropBlock	BushBlock	CropBlock	Block	P22,P30,P34	SOURCE_REVIEWED_INTEGRATION_PENDING	REFLECTION_OWNER_VERIFIED	https://github.com/hackersense/OptiFine-Source/blob/b77c5c6995874f6cf2755bc5234428906b337b75/1.21.1/net/minecraft/world/level/block/CropBlock.java#L193	REVIEW_PENDING	REVIEW_PENDING	REVIEW_PENDING	Crop canSurvive delegates BushBlock; farmland and brightness; growthSpeed world Y plus XZ cardinal
net.minecraft.world.level.block.CryingObsidianBlock	1	SEE_REGISTRY_ARTIFACT	REVIEW_PENDING	REVIEW_PENDING	REVIEW_PENDING	REVIEW_PENDING	REVIEW_PENDING	REVIEW_PENDING	REVIEW_PENDING	REGISTRY_CLASS_AND_COUNT_VERIFIED_ONLY	REVIEW_PENDING	REVIEW_PENDING	REVIEW_PENDING	REVIEW_PENDING	Method semantics NOT audited; all mechanism owners and bypasses REVIEW_PENDING
net.minecraft.world.level.block.DaylightDetectorBlock	1	SEE_REGISTRY_ARTIFACT	REVIEW_PENDING	REVIEW_PENDING	REVIEW_PENDING	REVIEW_PENDING	REVIEW_PENDING	REVIEW_PENDING	REVIEW_PENDING	REGISTRY_CLASS_AND_COUNT_VERIFIED_ONLY	REVIEW_PENDING	REVIEW_PENDING	REVIEW_PENDING	REVIEW_PENDING	Method semantics NOT audited; all mechanism owners and bypasses REVIEW_PENDING
net.minecraft.world.level.block.DeadBushBlock	1	minecraft:dead_bush	Block	BushBlock	BushBlock	BlockBehaviour	Block	P22	SOURCE_REVIEWED_INTEGRATION_PENDING	REFLECTION_OWNER_VERIFIED	https://github.com/hackersense/OptiFine-Source/blob/b77c5c6995874f6cf2755bc5234428906b337b75/1.21.1/net/minecraft/world/level/block/DeadBushBlock.java#L36	REVIEW_PENDING	REVIEW_PENDING	REVIEW_PENDING	Inherited Bush support/shape, own DEAD_BUSH_MAY_PLACE_ON substrate tag; no own growth path
net.minecraft.world.level.block.DecoratedPotBlock	1	SEE_REGISTRY_ARTIFACT	REVIEW_PENDING	REVIEW_PENDING	REVIEW_PENDING	REVIEW_PENDING	REVIEW_PENDING	REVIEW_PENDING	REVIEW_PENDING	REGISTRY_CLASS_AND_COUNT_VERIFIED_ONLY	REVIEW_PENDING	REVIEW_PENDING	REVIEW_PENDING	REVIEW_PENDING	Method semantics NOT audited; all mechanism owners and bypasses REVIEW_PENDING
net.minecraft.world.level.block.DetectorRailBlock	1	SEE_REGISTRY_ARTIFACT	REVIEW_PENDING	REVIEW_PENDING	REVIEW_PENDING	REVIEW_PENDING	REVIEW_PENDING	REVIEW_PENDING	REVIEW_PENDING	REGISTRY_CLASS_AND_COUNT_VERIFIED_ONLY	REVIEW_PENDING	REVIEW_PENDING	REVIEW_PENDING	REVIEW_PENDING	Method semantics NOT audited; all mechanism owners and bypasses REVIEW_PENDING
net.minecraft.world.level.block.DirtPathBlock	1	SEE_REGISTRY_ARTIFACT	REVIEW_PENDING	REVIEW_PENDING	REVIEW_PENDING	REVIEW_PENDING	REVIEW_PENDING	REVIEW_PENDING	REVIEW_PENDING	REGISTRY_CLASS_AND_COUNT_VERIFIED_ONLY	REVIEW_PENDING	REVIEW_PENDING	REVIEW_PENDING	REVIEW_PENDING	Method semantics NOT audited; all mechanism owners and bypasses REVIEW_PENDING
net.minecraft.world.level.block.DispenserBlock	1	SEE_REGISTRY_ARTIFACT	REVIEW_PENDING	REVIEW_PENDING	REVIEW_PENDING	REVIEW_PENDING	REVIEW_PENDING	REVIEW_PENDING	REVIEW_PENDING	REGISTRY_CLASS_AND_COUNT_VERIFIED_ONLY	REVIEW_PENDING	REVIEW_PENDING	REVIEW_PENDING	REVIEW_PENDING	Method semantics NOT audited; all mechanism owners and bypasses REVIEW_PENDING
net.minecraft.world.level.block.DoorBlock	16	SEE_REGISTRY_ARTIFACT	REVIEW_PENDING	REVIEW_PENDING	REVIEW_PENDING	REVIEW_PENDING	REVIEW_PENDING	REVIEW_PENDING	REVIEW_PENDING	REGISTRY_CLASS_AND_COUNT_VERIFIED_ONLY	REVIEW_PENDING	REVIEW_PENDING	REVIEW_PENDING	REVIEW_PENDING	Method semantics NOT audited; all mechanism owners and bypasses REVIEW_PENDING
net.minecraft.world.level.block.DoublePlantBlock	3	minecraft:large_fern,minecraft:pitcher_plant,minecraft:tall_grass	DoublePlantBlock	DoublePlantBlock	DoublePlantBlock	BlockBehaviour	DoublePlantBlock	P20,P22	SOURCE_REVIEWED_INTEGRATION_PENDING	REFLECTION_OWNER_VERIFIED	https://github.com/hackersense/OptiFine-Source/blob/b77c5c6995874f6cf2755bc5234428906b337b75/1.21.1/net/minecraft/world/level/block/DoublePlantBlock.java#L42	REVIEW_PENDING	REVIEW_PENDING	REVIEW_PENDING	Physical Y-axis UPPER LOWER pair; above placement/creation; source-local seam and height checks pending
net.minecraft.world.level.block.DragonEggBlock	1	SEE_REGISTRY_ARTIFACT	REVIEW_PENDING	REVIEW_PENDING	REVIEW_PENDING	REVIEW_PENDING	REVIEW_PENDING	REVIEW_PENDING	REVIEW_PENDING	REGISTRY_CLASS_AND_COUNT_VERIFIED_ONLY	REVIEW_PENDING	REVIEW_PENDING	REVIEW_PENDING	REVIEW_PENDING	Method semantics NOT audited; all mechanism owners and bypasses REVIEW_PENDING
net.minecraft.world.level.block.DropExperienceBlock	16	SEE_REGISTRY_ARTIFACT	REVIEW_PENDING	REVIEW_PENDING	REVIEW_PENDING	REVIEW_PENDING	REVIEW_PENDING	REVIEW_PENDING	REVIEW_PENDING	REGISTRY_CLASS_AND_COUNT_VERIFIED_ONLY	REVIEW_PENDING	REVIEW_PENDING	REVIEW_PENDING	REVIEW_PENDING	Method semantics NOT audited; all mechanism owners and bypasses REVIEW_PENDING
net.minecraft.world.level.block.DropperBlock	1	SEE_REGISTRY_ARTIFACT	REVIEW_PENDING	REVIEW_PENDING	REVIEW_PENDING	REVIEW_PENDING	REVIEW_PENDING	REVIEW_PENDING	REVIEW_PENDING	REGISTRY_CLASS_AND_COUNT_VERIFIED_ONLY	REVIEW_PENDING	REVIEW_PENDING	REVIEW_PENDING	REVIEW_PENDING	Method semantics NOT audited; all mechanism owners and bypasses REVIEW_PENDING
net.minecraft.world.level.block.EnchantingTableBlock	1	SEE_REGISTRY_ARTIFACT	REVIEW_PENDING	REVIEW_PENDING	REVIEW_PENDING	REVIEW_PENDING	REVIEW_PENDING	REVIEW_PENDING	REVIEW_PENDING	REGISTRY_CLASS_AND_COUNT_VERIFIED_ONLY	REVIEW_PENDING	REVIEW_PENDING	REVIEW_PENDING	REVIEW_PENDING	Method semantics NOT audited; all mechanism owners and bypasses REVIEW_PENDING
net.minecraft.world.level.block.EnderChestBlock	1	SEE_REGISTRY_ARTIFACT	REVIEW_PENDING	REVIEW_PENDING	REVIEW_PENDING	REVIEW_PENDING	REVIEW_PENDING	REVIEW_PENDING	REVIEW_PENDING	REGISTRY_CLASS_AND_COUNT_VERIFIED_ONLY	REVIEW_PENDING	REVIEW_PENDING	REVIEW_PENDING	REVIEW_PENDING	Method semantics NOT audited; all mechanism owners and bypasses REVIEW_PENDING
net.minecraft.world.level.block.EndGatewayBlock	1	SEE_REGISTRY_ARTIFACT	REVIEW_PENDING	REVIEW_PENDING	REVIEW_PENDING	REVIEW_PENDING	REVIEW_PENDING	REVIEW_PENDING	REVIEW_PENDING	REGISTRY_CLASS_AND_COUNT_VERIFIED_ONLY	REVIEW_PENDING	REVIEW_PENDING	REVIEW_PENDING	REVIEW_PENDING	Method semantics NOT audited; all mechanism owners and bypasses REVIEW_PENDING
net.minecraft.world.level.block.EndPortalBlock	1	SEE_REGISTRY_ARTIFACT	REVIEW_PENDING	REVIEW_PENDING	REVIEW_PENDING	REVIEW_PENDING	REVIEW_PENDING	REVIEW_PENDING	REVIEW_PENDING	REGISTRY_CLASS_AND_COUNT_VERIFIED_ONLY	REVIEW_PENDING	REVIEW_PENDING	REVIEW_PENDING	REVIEW_PENDING	Method semantics NOT audited; all mechanism owners and bypasses REVIEW_PENDING
net.minecraft.world.level.block.EndPortalFrameBlock	1	SEE_REGISTRY_ARTIFACT	REVIEW_PENDING	REVIEW_PENDING	REVIEW_PENDING	REVIEW_PENDING	REVIEW_PENDING	REVIEW_PENDING	REVIEW_PENDING	REGISTRY_CLASS_AND_COUNT_VERIFIED_ONLY	REVIEW_PENDING	REVIEW_PENDING	REVIEW_PENDING	REVIEW_PENDING	Method semantics NOT audited; all mechanism owners and bypasses REVIEW_PENDING
net.minecraft.world.level.block.EndRodBlock	1	SEE_REGISTRY_ARTIFACT	REVIEW_PENDING	REVIEW_PENDING	REVIEW_PENDING	REVIEW_PENDING	REVIEW_PENDING	REVIEW_PENDING	REVIEW_PENDING	REGISTRY_CLASS_AND_COUNT_VERIFIED_ONLY	REVIEW_PENDING	REVIEW_PENDING	REVIEW_PENDING	REVIEW_PENDING	Method semantics NOT audited; all mechanism owners and bypasses REVIEW_PENDING
net.minecraft.world.level.block.EquipableCarvedPumpkinBlock	1	SEE_REGISTRY_ARTIFACT	REVIEW_PENDING	REVIEW_PENDING	REVIEW_PENDING	REVIEW_PENDING	REVIEW_PENDING	REVIEW_PENDING	REVIEW_PENDING	REGISTRY_CLASS_AND_COUNT_VERIFIED_ONLY	REVIEW_PENDING	REVIEW_PENDING	REVIEW_PENDING	REVIEW_PENDING	Method semantics NOT audited; all mechanism owners and bypasses REVIEW_PENDING
net.minecraft.world.level.block.FarmBlock	1	SEE_REGISTRY_ARTIFACT	REVIEW_PENDING	REVIEW_PENDING	REVIEW_PENDING	REVIEW_PENDING	REVIEW_PENDING	REVIEW_PENDING	REVIEW_PENDING	REGISTRY_CLASS_AND_COUNT_VERIFIED_ONLY	REVIEW_PENDING	REVIEW_PENDING	REVIEW_PENDING	REVIEW_PENDING	Method semantics NOT audited; all mechanism owners and bypasses REVIEW_PENDING
net.minecraft.world.level.block.FenceBlock	12	SEE_REGISTRY_ARTIFACT	REVIEW_PENDING	REVIEW_PENDING	REVIEW_PENDING	REVIEW_PENDING	REVIEW_PENDING	REVIEW_PENDING	REVIEW_PENDING	REGISTRY_CLASS_AND_COUNT_VERIFIED_ONLY	REVIEW_PENDING	REVIEW_PENDING	REVIEW_PENDING	REVIEW_PENDING	Method semantics NOT audited; all mechanism owners and bypasses REVIEW_PENDING
net.minecraft.world.level.block.FenceGateBlock	11	SEE_REGISTRY_ARTIFACT	REVIEW_PENDING	REVIEW_PENDING	REVIEW_PENDING	REVIEW_PENDING	REVIEW_PENDING	REVIEW_PENDING	REVIEW_PENDING	REGISTRY_CLASS_AND_COUNT_VERIFIED_ONLY	REVIEW_PENDING	REVIEW_PENDING	REVIEW_PENDING	REVIEW_PENDING	Method semantics NOT audited; all mechanism owners and bypasses REVIEW_PENDING
net.minecraft.world.level.block.FireBlock	1	SEE_REGISTRY_ARTIFACT	REVIEW_PENDING	REVIEW_PENDING	REVIEW_PENDING	REVIEW_PENDING	REVIEW_PENDING	REVIEW_PENDING	REVIEW_PENDING	REGISTRY_CLASS_AND_COUNT_VERIFIED_ONLY	REVIEW_PENDING	REVIEW_PENDING	REVIEW_PENDING	REVIEW_PENDING	Method semantics NOT audited; all mechanism owners and bypasses REVIEW_PENDING
net.minecraft.world.level.block.FletchingTableBlock	1	SEE_REGISTRY_ARTIFACT	REVIEW_PENDING	REVIEW_PENDING	REVIEW_PENDING	REVIEW_PENDING	REVIEW_PENDING	REVIEW_PENDING	REVIEW_PENDING	REGISTRY_CLASS_AND_COUNT_VERIFIED_ONLY	REVIEW_PENDING	REVIEW_PENDING	REVIEW_PENDING	REVIEW_PENDING	Method semantics NOT audited; all mechanism owners and bypasses REVIEW_PENDING
net.minecraft.world.level.block.FlowerBlock	13	minecraft:allium,minecraft:azure_bluet,minecraft:blue_orchid,minecraft:cornflower,minecraft:dandelion,minecraft:lily_of_the_valley,minecraft:orange_tulip,minecraft:oxeye_daisy,minecraft:pink_tulip,minecraft:poppy,minecraft:red_tulip,minecraft:torchflower,minecraft:white_tulip	Block	BushBlock	BushBlock	BlockBehaviour	Block	P22	SOURCE_REVIEWED_INTEGRATION_PENDING	REFLECTION_OWNER_VERIFIED	https://github.com/hackersense/OptiFine-Source/blob/b77c5c6995874f6cf2755bc5234428906b337b75/1.21.1/net/minecraft/world/level/block/FlowerBlock.java#L23	REVIEW_PENDING	REVIEW_PENDING	REVIEW_PENDING	Inherited Bush canSurvive/updateShape/placement; own flower-effect and geometry contracts do not create alternate orientation author
net.minecraft.world.level.block.FlowerPotBlock	35	SEE_REGISTRY_ARTIFACT	REVIEW_PENDING	REVIEW_PENDING	REVIEW_PENDING	REVIEW_PENDING	REVIEW_PENDING	REVIEW_PENDING	REVIEW_PENDING	REGISTRY_CLASS_AND_COUNT_VERIFIED_ONLY	REVIEW_PENDING	REVIEW_PENDING	REVIEW_PENDING	REVIEW_PENDING	Method semantics NOT audited; all mechanism owners and bypasses REVIEW_PENDING
net.minecraft.world.level.block.FrogspawnBlock	1	SEE_REGISTRY_ARTIFACT	REVIEW_PENDING	REVIEW_PENDING	REVIEW_PENDING	REVIEW_PENDING	REVIEW_PENDING	REVIEW_PENDING	REVIEW_PENDING	REGISTRY_CLASS_AND_COUNT_VERIFIED_ONLY	REVIEW_PENDING	REVIEW_PENDING	REVIEW_PENDING	REVIEW_PENDING	Method semantics NOT audited; all mechanism owners and bypasses REVIEW_PENDING
net.minecraft.world.level.block.FrostedIceBlock	1	SEE_REGISTRY_ARTIFACT	REVIEW_PENDING	REVIEW_PENDING	REVIEW_PENDING	REVIEW_PENDING	REVIEW_PENDING	REVIEW_PENDING	REVIEW_PENDING	REGISTRY_CLASS_AND_COUNT_VERIFIED_ONLY	REVIEW_PENDING	REVIEW_PENDING	REVIEW_PENDING	REVIEW_PENDING	Method semantics NOT audited; all mechanism owners and bypasses REVIEW_PENDING
net.minecraft.world.level.block.FungusBlock	2	minecraft:crimson_fungus,minecraft:warped_fungus	Block	BushBlock	BushBlock	BlockBehaviour	Block	P22,P30	SOURCE_REVIEWED_INTEGRATION_PENDING	REFLECTION_OWNER_VERIFIED	https://github.com/hackersense/OptiFine-Source/blob/b77c5c6995874f6cf2755bc5234428906b337b75/1.21.1/net/minecraft/world/level/block/FungusBlock.java#L59	REVIEW_PENDING	REVIEW_PENDING	REVIEW_PENDING	Bush support with NYLIUM MYCELIUM SOUL_SOIL substrate; bonemeal requiredBlock below and configured-feature placement Phase8
net.minecraft.world.level.block.FurnaceBlock	1	SEE_REGISTRY_ARTIFACT	REVIEW_PENDING	REVIEW_PENDING	REVIEW_PENDING	REVIEW_PENDING	REVIEW_PENDING	REVIEW_PENDING	REVIEW_PENDING	REGISTRY_CLASS_AND_COUNT_VERIFIED_ONLY	REVIEW_PENDING	REVIEW_PENDING	REVIEW_PENDING	REVIEW_PENDING	Method semantics NOT audited; all mechanism owners and bypasses REVIEW_PENDING
net.minecraft.world.level.block.GlazedTerracottaBlock	16	SEE_REGISTRY_ARTIFACT	REVIEW_PENDING	REVIEW_PENDING	REVIEW_PENDING	REVIEW_PENDING	REVIEW_PENDING	REVIEW_PENDING	REVIEW_PENDING	REGISTRY_CLASS_AND_COUNT_VERIFIED_ONLY	REVIEW_PENDING	REVIEW_PENDING	REVIEW_PENDING	REVIEW_PENDING	Method semantics NOT audited; all mechanism owners and bypasses REVIEW_PENDING
net.minecraft.world.level.block.GlowLichenBlock	1	SEE_REGISTRY_ARTIFACT	REVIEW_PENDING	REVIEW_PENDING	REVIEW_PENDING	REVIEW_PENDING	REVIEW_PENDING	REVIEW_PENDING	REVIEW_PENDING	REGISTRY_CLASS_AND_COUNT_VERIFIED_ONLY	REVIEW_PENDING	REVIEW_PENDING	REVIEW_PENDING	REVIEW_PENDING	Method semantics NOT audited; all mechanism owners and bypasses REVIEW_PENDING
net.minecraft.world.level.block.GrassBlock	1	SEE_REGISTRY_ARTIFACT	REVIEW_PENDING	REVIEW_PENDING	REVIEW_PENDING	REVIEW_PENDING	REVIEW_PENDING	REVIEW_PENDING	REVIEW_PENDING	REGISTRY_CLASS_AND_COUNT_VERIFIED_ONLY	REVIEW_PENDING	REVIEW_PENDING	REVIEW_PENDING	REVIEW_PENDING	Method semantics NOT audited; all mechanism owners and bypasses REVIEW_PENDING
net.minecraft.world.level.block.GrindstoneBlock	1	SEE_REGISTRY_ARTIFACT	REVIEW_PENDING	REVIEW_PENDING	REVIEW_PENDING	REVIEW_PENDING	REVIEW_PENDING	REVIEW_PENDING	REVIEW_PENDING	REGISTRY_CLASS_AND_COUNT_VERIFIED_ONLY	REVIEW_PENDING	REVIEW_PENDING	REVIEW_PENDING	REVIEW_PENDING	Method semantics NOT audited; all mechanism owners and bypasses REVIEW_PENDING
net.minecraft.world.level.block.HalfTransparentBlock	1	SEE_REGISTRY_ARTIFACT	REVIEW_PENDING	REVIEW_PENDING	REVIEW_PENDING	REVIEW_PENDING	REVIEW_PENDING	REVIEW_PENDING	REVIEW_PENDING	REGISTRY_CLASS_AND_COUNT_VERIFIED_ONLY	REVIEW_PENDING	REVIEW_PENDING	REVIEW_PENDING	REVIEW_PENDING	Method semantics NOT audited; all mechanism owners and bypasses REVIEW_PENDING
net.minecraft.world.level.block.HangingRootsBlock	1	SEE_REGISTRY_ARTIFACT	REVIEW_PENDING	REVIEW_PENDING	REVIEW_PENDING	REVIEW_PENDING	REVIEW_PENDING	REVIEW_PENDING	REVIEW_PENDING	REGISTRY_CLASS_AND_COUNT_VERIFIED_ONLY	REVIEW_PENDING	REVIEW_PENDING	REVIEW_PENDING	REVIEW_PENDING	Method semantics NOT audited; all mechanism owners and bypasses REVIEW_PENDING
net.minecraft.world.level.block.HayBlock	1	SEE_REGISTRY_ARTIFACT	REVIEW_PENDING	REVIEW_PENDING	REVIEW_PENDING	REVIEW_PENDING	REVIEW_PENDING	REVIEW_PENDING	REVIEW_PENDING	REGISTRY_CLASS_AND_COUNT_VERIFIED_ONLY	REVIEW_PENDING	REVIEW_PENDING	REVIEW_PENDING	REVIEW_PENDING	Method semantics NOT audited; all mechanism owners and bypasses REVIEW_PENDING
net.minecraft.world.level.block.HeavyCoreBlock	1	SEE_REGISTRY_ARTIFACT	REVIEW_PENDING	REVIEW_PENDING	REVIEW_PENDING	REVIEW_PENDING	REVIEW_PENDING	REVIEW_PENDING	REVIEW_PENDING	REGISTRY_CLASS_AND_COUNT_VERIFIED_ONLY	REVIEW_PENDING	REVIEW_PENDING	REVIEW_PENDING	REVIEW_PENDING	Method semantics NOT audited; all mechanism owners and bypasses REVIEW_PENDING
net.minecraft.world.level.block.HoneyBlock	1	SEE_REGISTRY_ARTIFACT	REVIEW_PENDING	REVIEW_PENDING	REVIEW_PENDING	REVIEW_PENDING	REVIEW_PENDING	REVIEW_PENDING	REVIEW_PENDING	REGISTRY_CLASS_AND_COUNT_VERIFIED_ONLY	REVIEW_PENDING	REVIEW_PENDING	REVIEW_PENDING	REVIEW_PENDING	Method semantics NOT audited; all mechanism owners and bypasses REVIEW_PENDING
net.minecraft.world.level.block.HopperBlock	1	SEE_REGISTRY_ARTIFACT	REVIEW_PENDING	REVIEW_PENDING	REVIEW_PENDING	REVIEW_PENDING	REVIEW_PENDING	REVIEW_PENDING	REVIEW_PENDING	REGISTRY_CLASS_AND_COUNT_VERIFIED_ONLY	REVIEW_PENDING	REVIEW_PENDING	REVIEW_PENDING	REVIEW_PENDING	Method semantics NOT audited; all mechanism owners and bypasses REVIEW_PENDING
net.minecraft.world.level.block.HugeMushroomBlock	3	SEE_REGISTRY_ARTIFACT	REVIEW_PENDING	REVIEW_PENDING	REVIEW_PENDING	REVIEW_PENDING	REVIEW_PENDING	REVIEW_PENDING	REVIEW_PENDING	REGISTRY_CLASS_AND_COUNT_VERIFIED_ONLY	REVIEW_PENDING	REVIEW_PENDING	REVIEW_PENDING	REVIEW_PENDING	Method semantics NOT audited; all mechanism owners and bypasses REVIEW_PENDING
net.minecraft.world.level.block.IceBlock	1	SEE_REGISTRY_ARTIFACT	REVIEW_PENDING	REVIEW_PENDING	REVIEW_PENDING	REVIEW_PENDING	REVIEW_PENDING	REVIEW_PENDING	REVIEW_PENDING	REGISTRY_CLASS_AND_COUNT_VERIFIED_ONLY	REVIEW_PENDING	REVIEW_PENDING	REVIEW_PENDING	REVIEW_PENDING	Method semantics NOT audited; all mechanism owners and bypasses REVIEW_PENDING
net.minecraft.world.level.block.InfestedBlock	6	SEE_REGISTRY_ARTIFACT	REVIEW_PENDING	REVIEW_PENDING	REVIEW_PENDING	REVIEW_PENDING	REVIEW_PENDING	REVIEW_PENDING	REVIEW_PENDING	REGISTRY_CLASS_AND_COUNT_VERIFIED_ONLY	REVIEW_PENDING	REVIEW_PENDING	REVIEW_PENDING	REVIEW_PENDING	Method semantics NOT audited; all mechanism owners and bypasses REVIEW_PENDING
net.minecraft.world.level.block.InfestedRotatedPillarBlock	1	SEE_REGISTRY_ARTIFACT	REVIEW_PENDING	REVIEW_PENDING	REVIEW_PENDING	REVIEW_PENDING	REVIEW_PENDING	REVIEW_PENDING	REVIEW_PENDING	REGISTRY_CLASS_AND_COUNT_VERIFIED_ONLY	REVIEW_PENDING	REVIEW_PENDING	REVIEW_PENDING	REVIEW_PENDING	Method semantics NOT audited; all mechanism owners and bypasses REVIEW_PENDING
net.minecraft.world.level.block.IronBarsBlock	2	SEE_REGISTRY_ARTIFACT	REVIEW_PENDING	REVIEW_PENDING	REVIEW_PENDING	REVIEW_PENDING	REVIEW_PENDING	REVIEW_PENDING	REVIEW_PENDING	REGISTRY_CLASS_AND_COUNT_VERIFIED_ONLY	REVIEW_PENDING	REVIEW_PENDING	REVIEW_PENDING	REVIEW_PENDING	Method semantics NOT audited; all mechanism owners and bypasses REVIEW_PENDING
net.minecraft.world.level.block.JigsawBlock	1	SEE_REGISTRY_ARTIFACT	REVIEW_PENDING	REVIEW_PENDING	REVIEW_PENDING	REVIEW_PENDING	REVIEW_PENDING	REVIEW_PENDING	REVIEW_PENDING	REGISTRY_CLASS_AND_COUNT_VERIFIED_ONLY	REVIEW_PENDING	REVIEW_PENDING	REVIEW_PENDING	REVIEW_PENDING	Method semantics NOT audited; all mechanism owners and bypasses REVIEW_PENDING
net.minecraft.world.level.block.JukeboxBlock	1	SEE_REGISTRY_ARTIFACT	REVIEW_PENDING	REVIEW_PENDING	REVIEW_PENDING	REVIEW_PENDING	REVIEW_PENDING	REVIEW_PENDING	REVIEW_PENDING	REGISTRY_CLASS_AND_COUNT_VERIFIED_ONLY	REVIEW_PENDING	REVIEW_PENDING	REVIEW_PENDING	REVIEW_PENDING	Method semantics NOT audited; all mechanism owners and bypasses REVIEW_PENDING
net.minecraft.world.level.block.KelpBlock	1	SEE_REGISTRY_ARTIFACT	REVIEW_PENDING	REVIEW_PENDING	REVIEW_PENDING	REVIEW_PENDING	REVIEW_PENDING	REVIEW_PENDING	REVIEW_PENDING	REGISTRY_CLASS_AND_COUNT_VERIFIED_ONLY	REVIEW_PENDING	REVIEW_PENDING	REVIEW_PENDING	REVIEW_PENDING	Method semantics NOT audited; all mechanism owners and bypasses REVIEW_PENDING
net.minecraft.world.level.block.KelpPlantBlock	1	SEE_REGISTRY_ARTIFACT	REVIEW_PENDING	REVIEW_PENDING	REVIEW_PENDING	REVIEW_PENDING	REVIEW_PENDING	REVIEW_PENDING	REVIEW_PENDING	REGISTRY_CLASS_AND_COUNT_VERIFIED_ONLY	REVIEW_PENDING	REVIEW_PENDING	REVIEW_PENDING	REVIEW_PENDING	Method semantics NOT audited; all mechanism owners and bypasses REVIEW_PENDING
net.minecraft.world.level.block.LadderBlock	1	SEE_REGISTRY_ARTIFACT	REVIEW_PENDING	REVIEW_PENDING	REVIEW_PENDING	REVIEW_PENDING	REVIEW_PENDING	REVIEW_PENDING	REVIEW_PENDING	REGISTRY_CLASS_AND_COUNT_VERIFIED_ONLY	REVIEW_PENDING	REVIEW_PENDING	REVIEW_PENDING	REVIEW_PENDING	Method semantics NOT audited; all mechanism owners and bypasses REVIEW_PENDING
net.minecraft.world.level.block.LanternBlock	2	SEE_REGISTRY_ARTIFACT	REVIEW_PENDING	REVIEW_PENDING	REVIEW_PENDING	REVIEW_PENDING	REVIEW_PENDING	REVIEW_PENDING	REVIEW_PENDING	REGISTRY_CLASS_AND_COUNT_VERIFIED_ONLY	REVIEW_PENDING	REVIEW_PENDING	REVIEW_PENDING	REVIEW_PENDING	Method semantics NOT audited; all mechanism owners and bypasses REVIEW_PENDING
net.minecraft.world.level.block.LavaCauldronBlock	1	SEE_REGISTRY_ARTIFACT	REVIEW_PENDING	REVIEW_PENDING	REVIEW_PENDING	REVIEW_PENDING	REVIEW_PENDING	REVIEW_PENDING	REVIEW_PENDING	REGISTRY_CLASS_AND_COUNT_VERIFIED_ONLY	REVIEW_PENDING	REVIEW_PENDING	REVIEW_PENDING	REVIEW_PENDING	Method semantics NOT audited; all mechanism owners and bypasses REVIEW_PENDING
net.minecraft.world.level.block.LayeredCauldronBlock	2	SEE_REGISTRY_ARTIFACT	REVIEW_PENDING	REVIEW_PENDING	REVIEW_PENDING	REVIEW_PENDING	REVIEW_PENDING	REVIEW_PENDING	REVIEW_PENDING	REGISTRY_CLASS_AND_COUNT_VERIFIED_ONLY	REVIEW_PENDING	REVIEW_PENDING	REVIEW_PENDING	REVIEW_PENDING	Method semantics NOT audited; all mechanism owners and bypasses REVIEW_PENDING
net.minecraft.world.level.block.LeavesBlock	8	SEE_REGISTRY_ARTIFACT	REVIEW_PENDING	REVIEW_PENDING	REVIEW_PENDING	REVIEW_PENDING	REVIEW_PENDING	REVIEW_PENDING	REVIEW_PENDING	REGISTRY_CLASS_AND_COUNT_VERIFIED_ONLY	REVIEW_PENDING	REVIEW_PENDING	REVIEW_PENDING	REVIEW_PENDING	Method semantics NOT audited; all mechanism owners and bypasses REVIEW_PENDING
net.minecraft.world.level.block.LecternBlock	1	SEE_REGISTRY_ARTIFACT	REVIEW_PENDING	REVIEW_PENDING	REVIEW_PENDING	REVIEW_PENDING	REVIEW_PENDING	REVIEW_PENDING	REVIEW_PENDING	REGISTRY_CLASS_AND_COUNT_VERIFIED_ONLY	REVIEW_PENDING	REVIEW_PENDING	REVIEW_PENDING	REVIEW_PENDING	Method semantics NOT audited; all mechanism owners and bypasses REVIEW_PENDING
net.minecraft.world.level.block.LeverBlock	1	SEE_REGISTRY_ARTIFACT	REVIEW_PENDING	REVIEW_PENDING	REVIEW_PENDING	REVIEW_PENDING	REVIEW_PENDING	REVIEW_PENDING	REVIEW_PENDING	REGISTRY_CLASS_AND_COUNT_VERIFIED_ONLY	REVIEW_PENDING	REVIEW_PENDING	REVIEW_PENDING	REVIEW_PENDING	Method semantics NOT audited; all mechanism owners and bypasses REVIEW_PENDING
net.minecraft.world.level.block.LightBlock	1	SEE_REGISTRY_ARTIFACT	REVIEW_PENDING	REVIEW_PENDING	REVIEW_PENDING	REVIEW_PENDING	REVIEW_PENDING	REVIEW_PENDING	REVIEW_PENDING	REGISTRY_CLASS_AND_COUNT_VERIFIED_ONLY	REVIEW_PENDING	REVIEW_PENDING	REVIEW_PENDING	REVIEW_PENDING	Method semantics NOT audited; all mechanism owners and bypasses REVIEW_PENDING
net.minecraft.world.level.block.LightningRodBlock	1	SEE_REGISTRY_ARTIFACT	REVIEW_PENDING	REVIEW_PENDING	REVIEW_PENDING	REVIEW_PENDING	REVIEW_PENDING	REVIEW_PENDING	REVIEW_PENDING	REGISTRY_CLASS_AND_COUNT_VERIFIED_ONLY	REVIEW_PENDING	REVIEW_PENDING	REVIEW_PENDING	REVIEW_PENDING	Method semantics NOT audited; all mechanism owners and bypasses REVIEW_PENDING
net.minecraft.world.level.block.LiquidBlock	2	SEE_REGISTRY_ARTIFACT	REVIEW_PENDING	REVIEW_PENDING	REVIEW_PENDING	REVIEW_PENDING	REVIEW_PENDING	REVIEW_PENDING	REVIEW_PENDING	REGISTRY_CLASS_AND_COUNT_VERIFIED_ONLY	REVIEW_PENDING	REVIEW_PENDING	REVIEW_PENDING	REVIEW_PENDING	Method semantics NOT audited; all mechanism owners and bypasses REVIEW_PENDING
net.minecraft.world.level.block.LoomBlock	1	SEE_REGISTRY_ARTIFACT	REVIEW_PENDING	REVIEW_PENDING	REVIEW_PENDING	REVIEW_PENDING	REVIEW_PENDING	REVIEW_PENDING	REVIEW_PENDING	REGISTRY_CLASS_AND_COUNT_VERIFIED_ONLY	REVIEW_PENDING	REVIEW_PENDING	REVIEW_PENDING	REVIEW_PENDING	Method semantics NOT audited; all mechanism owners and bypasses REVIEW_PENDING
net.minecraft.world.level.block.MagmaBlock	1	SEE_REGISTRY_ARTIFACT	REVIEW_PENDING	REVIEW_PENDING	REVIEW_PENDING	REVIEW_PENDING	REVIEW_PENDING	REVIEW_PENDING	REVIEW_PENDING	REGISTRY_CLASS_AND_COUNT_VERIFIED_ONLY	REVIEW_PENDING	REVIEW_PENDING	REVIEW_PENDING	REVIEW_PENDING	Method semantics NOT audited; all mechanism owners and bypasses REVIEW_PENDING
net.minecraft.world.level.block.MangroveLeavesBlock	1	SEE_REGISTRY_ARTIFACT	REVIEW_PENDING	REVIEW_PENDING	REVIEW_PENDING	REVIEW_PENDING	REVIEW_PENDING	REVIEW_PENDING	REVIEW_PENDING	REGISTRY_CLASS_AND_COUNT_VERIFIED_ONLY	REVIEW_PENDING	REVIEW_PENDING	REVIEW_PENDING	REVIEW_PENDING	Method semantics NOT audited; all mechanism owners and bypasses REVIEW_PENDING
net.minecraft.world.level.block.MangrovePropaguleBlock	1	minecraft:mangrove_propagule	MangrovePropaguleBlock	MangrovePropaguleBlock	MangrovePropaguleBlock	MangrovePropaguleBlock	Block	P22,P23,P30	SOURCE_REVIEWED_INTEGRATION_PENDING	REFLECTION_OWNER_VERIFIED	https://github.com/hackersense/OptiFine-Source/blob/b77c5c6995874f6cf2755bc5234428906b337b75/1.21.1/net/minecraft/world/level/block/MangrovePropaguleBlock.java#L107	REVIEW_PENDING	REVIEW_PENDING	REVIEW_PENDING	HANGING means support above mangrove leaves; soil branch delegates Bush; waterlogged and direct authored state
net.minecraft.world.level.block.MangroveRootsBlock	1	SEE_REGISTRY_ARTIFACT	REVIEW_PENDING	REVIEW_PENDING	REVIEW_PENDING	REVIEW_PENDING	REVIEW_PENDING	REVIEW_PENDING	REVIEW_PENDING	REGISTRY_CLASS_AND_COUNT_VERIFIED_ONLY	REVIEW_PENDING	REVIEW_PENDING	REVIEW_PENDING	REVIEW_PENDING	Method semantics NOT audited; all mechanism owners and bypasses REVIEW_PENDING
net.minecraft.world.level.block.MossBlock	1	SEE_REGISTRY_ARTIFACT	REVIEW_PENDING	REVIEW_PENDING	REVIEW_PENDING	REVIEW_PENDING	REVIEW_PENDING	REVIEW_PENDING	REVIEW_PENDING	REGISTRY_CLASS_AND_COUNT_VERIFIED_ONLY	REVIEW_PENDING	REVIEW_PENDING	REVIEW_PENDING	REVIEW_PENDING	Method semantics NOT audited; all mechanism owners and bypasses REVIEW_PENDING
net.minecraft.world.level.block.piston.MovingPistonBlock	1	SEE_REGISTRY_ARTIFACT	REVIEW_PENDING	REVIEW_PENDING	REVIEW_PENDING	REVIEW_PENDING	REVIEW_PENDING	REVIEW_PENDING	REVIEW_PENDING	REGISTRY_CLASS_AND_COUNT_VERIFIED_ONLY	REVIEW_PENDING	REVIEW_PENDING	REVIEW_PENDING	REVIEW_PENDING	Method semantics NOT audited; all mechanism owners and bypasses REVIEW_PENDING
net.minecraft.world.level.block.MudBlock	1	SEE_REGISTRY_ARTIFACT	REVIEW_PENDING	REVIEW_PENDING	REVIEW_PENDING	REVIEW_PENDING	REVIEW_PENDING	REVIEW_PENDING	REVIEW_PENDING	REGISTRY_CLASS_AND_COUNT_VERIFIED_ONLY	REVIEW_PENDING	REVIEW_PENDING	REVIEW_PENDING	REVIEW_PENDING	Method semantics NOT audited; all mechanism owners and bypasses REVIEW_PENDING
net.minecraft.world.level.block.MushroomBlock	2	minecraft:brown_mushroom,minecraft:red_mushroom	Block	MushroomBlock	BushBlock	MushroomBlock	Block	P22,P30	SOURCE_REVIEWED_INTEGRATION_PENDING	REFLECTION_OWNER_VERIFIED	https://github.com/hackersense/OptiFine-Source/blob/b77c5c6995874f6cf2755bc5234428906b337b75/1.21.1/net/minecraft/world/level/block/MushroomBlock.java#L96	REVIEW_PENDING	REVIEW_PENDING	REVIEW_PENDING	Independent below support plus brightness and substrate tag; RNG 3D spread
net.minecraft.world.level.block.MyceliumBlock	1	SEE_REGISTRY_ARTIFACT	REVIEW_PENDING	REVIEW_PENDING	REVIEW_PENDING	REVIEW_PENDING	REVIEW_PENDING	REVIEW_PENDING	REVIEW_PENDING	REGISTRY_CLASS_AND_COUNT_VERIFIED_ONLY	REVIEW_PENDING	REVIEW_PENDING	REVIEW_PENDING	REVIEW_PENDING	Method semantics NOT audited; all mechanism owners and bypasses REVIEW_PENDING
net.minecraft.world.level.block.NetherPortalBlock	1	SEE_REGISTRY_ARTIFACT	REVIEW_PENDING	REVIEW_PENDING	REVIEW_PENDING	REVIEW_PENDING	REVIEW_PENDING	REVIEW_PENDING	REVIEW_PENDING	REGISTRY_CLASS_AND_COUNT_VERIFIED_ONLY	REVIEW_PENDING	REVIEW_PENDING	REVIEW_PENDING	REVIEW_PENDING	Method semantics NOT audited; all mechanism owners and bypasses REVIEW_PENDING
net.minecraft.world.level.block.NetherrackBlock	1	SEE_REGISTRY_ARTIFACT	REVIEW_PENDING	REVIEW_PENDING	REVIEW_PENDING	REVIEW_PENDING	REVIEW_PENDING	REVIEW_PENDING	REVIEW_PENDING	REGISTRY_CLASS_AND_COUNT_VERIFIED_ONLY	REVIEW_PENDING	REVIEW_PENDING	REVIEW_PENDING	REVIEW_PENDING	Method semantics NOT audited; all mechanism owners and bypasses REVIEW_PENDING
net.minecraft.world.level.block.NetherSproutsBlock	1	minecraft:nether_sprouts	Block	BushBlock	BushBlock	BlockBehaviour	Block	P22	SOURCE_REVIEWED_INTEGRATION_PENDING	REFLECTION_OWNER_VERIFIED	https://github.com/hackersense/OptiFine-Source/blob/b77c5c6995874f6cf2755bc5234428906b337b75/1.21.1/net/minecraft/world/level/block/NetherSproutsBlock.java#L35	REVIEW_PENDING	REVIEW_PENDING	REVIEW_PENDING	Inherited Bush local-down support; virtual mayPlaceOn NYLIUM SOUL_SOIL; no extra placement/growth overrides
net.minecraft.world.level.block.NetherWartBlock	1	minecraft:nether_wart	Block	BushBlock	BushBlock	NetherWartBlock	Block	P22,P30	SOURCE_REVIEWED_INTEGRATION_PENDING	REFLECTION_OWNER_VERIFIED	https://github.com/hackersense/OptiFine-Source/blob/b77c5c6995874f6cf2755bc5234428906b337b75/1.21.1/net/minecraft/world/level/block/NetherWartBlock.java#L51	REVIEW_PENDING	REVIEW_PENDING	REVIEW_PENDING	Inherited Bush local-down support with SOUL_SAND-only mayPlaceOn; own age0..3 randomTick RNG; planted by ItemNameBlockItem
net.minecraft.world.level.block.NoteBlock	1	SEE_REGISTRY_ARTIFACT	REVIEW_PENDING	REVIEW_PENDING	REVIEW_PENDING	REVIEW_PENDING	REVIEW_PENDING	REVIEW_PENDING	REVIEW_PENDING	REGISTRY_CLASS_AND_COUNT_VERIFIED_ONLY	REVIEW_PENDING	REVIEW_PENDING	REVIEW_PENDING	REVIEW_PENDING	Method semantics NOT audited; all mechanism owners and bypasses REVIEW_PENDING
net.minecraft.world.level.block.NyliumBlock	2	SEE_REGISTRY_ARTIFACT	REVIEW_PENDING	REVIEW_PENDING	REVIEW_PENDING	REVIEW_PENDING	REVIEW_PENDING	REVIEW_PENDING	REVIEW_PENDING	REGISTRY_CLASS_AND_COUNT_VERIFIED_ONLY	REVIEW_PENDING	REVIEW_PENDING	REVIEW_PENDING	REVIEW_PENDING	Method semantics NOT audited; all mechanism owners and bypasses REVIEW_PENDING
net.minecraft.world.level.block.ObserverBlock	1	SEE_REGISTRY_ARTIFACT	REVIEW_PENDING	REVIEW_PENDING	REVIEW_PENDING	REVIEW_PENDING	REVIEW_PENDING	REVIEW_PENDING	REVIEW_PENDING	REGISTRY_CLASS_AND_COUNT_VERIFIED_ONLY	REVIEW_PENDING	REVIEW_PENDING	REVIEW_PENDING	REVIEW_PENDING	Method semantics NOT audited; all mechanism owners and bypasses REVIEW_PENDING
net.minecraft.world.level.block.PiglinWallSkullBlock	1	SEE_REGISTRY_ARTIFACT	REVIEW_PENDING	REVIEW_PENDING	REVIEW_PENDING	REVIEW_PENDING	REVIEW_PENDING	REVIEW_PENDING	REVIEW_PENDING	REGISTRY_CLASS_AND_COUNT_VERIFIED_ONLY	REVIEW_PENDING	REVIEW_PENDING	REVIEW_PENDING	REVIEW_PENDING	Method semantics NOT audited; all mechanism owners and bypasses REVIEW_PENDING
net.minecraft.world.level.block.PinkPetalsBlock	1	SEE_REGISTRY_ARTIFACT	REVIEW_PENDING	REVIEW_PENDING	REVIEW_PENDING	REVIEW_PENDING	REVIEW_PENDING	REVIEW_PENDING	REVIEW_PENDING	REGISTRY_CLASS_AND_COUNT_VERIFIED_ONLY	REVIEW_PENDING	REVIEW_PENDING	REVIEW_PENDING	REVIEW_PENDING	Method semantics NOT audited; all mechanism owners and bypasses REVIEW_PENDING
net.minecraft.world.level.block.piston.PistonBaseBlock	2	SEE_REGISTRY_ARTIFACT	REVIEW_PENDING	REVIEW_PENDING	REVIEW_PENDING	REVIEW_PENDING	REVIEW_PENDING	REVIEW_PENDING	REVIEW_PENDING	REGISTRY_CLASS_AND_COUNT_VERIFIED_ONLY	REVIEW_PENDING	REVIEW_PENDING	REVIEW_PENDING	REVIEW_PENDING	Method semantics NOT audited; all mechanism owners and bypasses REVIEW_PENDING
net.minecraft.world.level.block.piston.PistonHeadBlock	1	SEE_REGISTRY_ARTIFACT	REVIEW_PENDING	REVIEW_PENDING	REVIEW_PENDING	REVIEW_PENDING	REVIEW_PENDING	REVIEW_PENDING	REVIEW_PENDING	REGISTRY_CLASS_AND_COUNT_VERIFIED_ONLY	REVIEW_PENDING	REVIEW_PENDING	REVIEW_PENDING	REVIEW_PENDING	Method semantics NOT audited; all mechanism owners and bypasses REVIEW_PENDING
net.minecraft.world.level.block.PitcherCropBlock	1	minecraft:pitcher_crop	PitcherCropBlock	PitcherCropBlock	PitcherCropBlock	PitcherCropBlock	PitcherCropBlock	P20,P22,P30	SOURCE_REVIEWED_INTEGRATION_PENDING	REFLECTION_OWNER_VERIFIED	https://github.com/hackersense/OptiFine-Source/blob/b77c5c6995874f6cf2755bc5234428906b337b75/1.21.1/net/minecraft/world/level/block/PitcherCropBlock.java#L156	REVIEW_PENDING	REVIEW_PENDING	REVIEW_PENDING	Initial single block and empty setPlacedBy; growth age>=3 creates physical above half
net.minecraft.world.level.block.PlayerHeadBlock	1	SEE_REGISTRY_ARTIFACT	REVIEW_PENDING	REVIEW_PENDING	REVIEW_PENDING	REVIEW_PENDING	REVIEW_PENDING	REVIEW_PENDING	REVIEW_PENDING	REGISTRY_CLASS_AND_COUNT_VERIFIED_ONLY	REVIEW_PENDING	REVIEW_PENDING	REVIEW_PENDING	REVIEW_PENDING	Method semantics NOT audited; all mechanism owners and bypasses REVIEW_PENDING
net.minecraft.world.level.block.PlayerWallHeadBlock	1	SEE_REGISTRY_ARTIFACT	REVIEW_PENDING	REVIEW_PENDING	REVIEW_PENDING	REVIEW_PENDING	REVIEW_PENDING	REVIEW_PENDING	REVIEW_PENDING	REGISTRY_CLASS_AND_COUNT_VERIFIED_ONLY	REVIEW_PENDING	REVIEW_PENDING	REVIEW_PENDING	REVIEW_PENDING	Method semantics NOT audited; all mechanism owners and bypasses REVIEW_PENDING
net.minecraft.world.level.block.PointedDripstoneBlock	1	SEE_REGISTRY_ARTIFACT	REVIEW_PENDING	REVIEW_PENDING	REVIEW_PENDING	REVIEW_PENDING	REVIEW_PENDING	REVIEW_PENDING	REVIEW_PENDING	REGISTRY_CLASS_AND_COUNT_VERIFIED_ONLY	REVIEW_PENDING	REVIEW_PENDING	REVIEW_PENDING	REVIEW_PENDING	Method semantics NOT audited; all mechanism owners and bypasses REVIEW_PENDING
net.minecraft.world.level.block.PotatoBlock	1	minecraft:potatoes	Block	CropBlock	BushBlock	CropBlock	Block	P22,P30,P34	SOURCE_REVIEWED_INTEGRATION_PENDING	REFLECTION_OWNER_VERIFIED	https://github.com/hackersense/OptiFine-Source/blob/b77c5c6995874f6cf2755bc5234428906b337b75/1.21.1/net/minecraft/world/level/block/CropBlock.java#L134	REVIEW_PENDING	REVIEW_PENDING	REVIEW_PENDING	Inherited CropBlock survival/growth with potato-specific seed and item behavior
net.minecraft.world.level.block.PowderSnowBlock	1	SEE_REGISTRY_ARTIFACT	REVIEW_PENDING	REVIEW_PENDING	REVIEW_PENDING	REVIEW_PENDING	REVIEW_PENDING	REVIEW_PENDING	REVIEW_PENDING	REGISTRY_CLASS_AND_COUNT_VERIFIED_ONLY	REVIEW_PENDING	REVIEW_PENDING	REVIEW_PENDING	REVIEW_PENDING	Method semantics NOT audited; all mechanism owners and bypasses REVIEW_PENDING
net.minecraft.world.level.block.PoweredBlock	1	SEE_REGISTRY_ARTIFACT	REVIEW_PENDING	REVIEW_PENDING	REVIEW_PENDING	REVIEW_PENDING	REVIEW_PENDING	REVIEW_PENDING	REVIEW_PENDING	REGISTRY_CLASS_AND_COUNT_VERIFIED_ONLY	REVIEW_PENDING	REVIEW_PENDING	REVIEW_PENDING	REVIEW_PENDING	Method semantics NOT audited; all mechanism owners and bypasses REVIEW_PENDING
net.minecraft.world.level.block.PoweredRailBlock	2	SEE_REGISTRY_ARTIFACT	REVIEW_PENDING	REVIEW_PENDING	REVIEW_PENDING	REVIEW_PENDING	REVIEW_PENDING	REVIEW_PENDING	REVIEW_PENDING	REGISTRY_CLASS_AND_COUNT_VERIFIED_ONLY	REVIEW_PENDING	REVIEW_PENDING	REVIEW_PENDING	REVIEW_PENDING	Method semantics NOT audited; all mechanism owners and bypasses REVIEW_PENDING
net.minecraft.world.level.block.PressurePlateBlock	13	SEE_REGISTRY_ARTIFACT	REVIEW_PENDING	REVIEW_PENDING	REVIEW_PENDING	REVIEW_PENDING	REVIEW_PENDING	REVIEW_PENDING	REVIEW_PENDING	REGISTRY_CLASS_AND_COUNT_VERIFIED_ONLY	REVIEW_PENDING	REVIEW_PENDING	REVIEW_PENDING	REVIEW_PENDING	Method semantics NOT audited; all mechanism owners and bypasses REVIEW_PENDING
net.minecraft.world.level.block.PumpkinBlock	1	SEE_REGISTRY_ARTIFACT	REVIEW_PENDING	REVIEW_PENDING	REVIEW_PENDING	REVIEW_PENDING	REVIEW_PENDING	REVIEW_PENDING	REVIEW_PENDING	REGISTRY_CLASS_AND_COUNT_VERIFIED_ONLY	REVIEW_PENDING	REVIEW_PENDING	REVIEW_PENDING	REVIEW_PENDING	Method semantics NOT audited; all mechanism owners and bypasses REVIEW_PENDING
net.minecraft.world.level.block.RailBlock	1	SEE_REGISTRY_ARTIFACT	REVIEW_PENDING	REVIEW_PENDING	REVIEW_PENDING	REVIEW_PENDING	REVIEW_PENDING	REVIEW_PENDING	REVIEW_PENDING	REGISTRY_CLASS_AND_COUNT_VERIFIED_ONLY	REVIEW_PENDING	REVIEW_PENDING	REVIEW_PENDING	REVIEW_PENDING	Method semantics NOT audited; all mechanism owners and bypasses REVIEW_PENDING
net.minecraft.world.level.block.RedstoneLampBlock	1	SEE_REGISTRY_ARTIFACT	REVIEW_PENDING	REVIEW_PENDING	REVIEW_PENDING	REVIEW_PENDING	REVIEW_PENDING	REVIEW_PENDING	REVIEW_PENDING	REGISTRY_CLASS_AND_COUNT_VERIFIED_ONLY	REVIEW_PENDING	REVIEW_PENDING	REVIEW_PENDING	REVIEW_PENDING	Method semantics NOT audited; all mechanism owners and bypasses REVIEW_PENDING
net.minecraft.world.level.block.RedStoneOreBlock	2	SEE_REGISTRY_ARTIFACT	REVIEW_PENDING	REVIEW_PENDING	REVIEW_PENDING	REVIEW_PENDING	REVIEW_PENDING	REVIEW_PENDING	REVIEW_PENDING	REGISTRY_CLASS_AND_COUNT_VERIFIED_ONLY	REVIEW_PENDING	REVIEW_PENDING	REVIEW_PENDING	REVIEW_PENDING	Method semantics NOT audited; all mechanism owners and bypasses REVIEW_PENDING
net.minecraft.world.level.block.RedstoneTorchBlock	1	SEE_REGISTRY_ARTIFACT	REVIEW_PENDING	REVIEW_PENDING	REVIEW_PENDING	REVIEW_PENDING	REVIEW_PENDING	REVIEW_PENDING	REVIEW_PENDING	REGISTRY_CLASS_AND_COUNT_VERIFIED_ONLY	REVIEW_PENDING	REVIEW_PENDING	REVIEW_PENDING	REVIEW_PENDING	Method semantics NOT audited; all mechanism owners and bypasses REVIEW_PENDING
net.minecraft.world.level.block.RedstoneWallTorchBlock	1	SEE_REGISTRY_ARTIFACT	REVIEW_PENDING	REVIEW_PENDING	REVIEW_PENDING	REVIEW_PENDING	REVIEW_PENDING	REVIEW_PENDING	REVIEW_PENDING	REGISTRY_CLASS_AND_COUNT_VERIFIED_ONLY	REVIEW_PENDING	REVIEW_PENDING	REVIEW_PENDING	REVIEW_PENDING	Method semantics NOT audited; all mechanism owners and bypasses REVIEW_PENDING
net.minecraft.world.level.block.RedStoneWireBlock	1	SEE_REGISTRY_ARTIFACT	REVIEW_PENDING	REVIEW_PENDING	REVIEW_PENDING	REVIEW_PENDING	REVIEW_PENDING	REVIEW_PENDING	REVIEW_PENDING	REGISTRY_CLASS_AND_COUNT_VERIFIED_ONLY	REVIEW_PENDING	REVIEW_PENDING	REVIEW_PENDING	REVIEW_PENDING	Method semantics NOT audited; all mechanism owners and bypasses REVIEW_PENDING
net.minecraft.world.level.block.RepeaterBlock	1	SEE_REGISTRY_ARTIFACT	REVIEW_PENDING	REVIEW_PENDING	REVIEW_PENDING	REVIEW_PENDING	REVIEW_PENDING	REVIEW_PENDING	REVIEW_PENDING	REGISTRY_CLASS_AND_COUNT_VERIFIED_ONLY	REVIEW_PENDING	REVIEW_PENDING	REVIEW_PENDING	REVIEW_PENDING	Method semantics NOT audited; all mechanism owners and bypasses REVIEW_PENDING
net.minecraft.world.level.block.RespawnAnchorBlock	1	SEE_REGISTRY_ARTIFACT	REVIEW_PENDING	REVIEW_PENDING	REVIEW_PENDING	REVIEW_PENDING	REVIEW_PENDING	REVIEW_PENDING	REVIEW_PENDING	REGISTRY_CLASS_AND_COUNT_VERIFIED_ONLY	REVIEW_PENDING	REVIEW_PENDING	REVIEW_PENDING	REVIEW_PENDING	Method semantics NOT audited; all mechanism owners and bypasses REVIEW_PENDING
net.minecraft.world.level.block.RootedDirtBlock	1	SEE_REGISTRY_ARTIFACT	REVIEW_PENDING	REVIEW_PENDING	REVIEW_PENDING	REVIEW_PENDING	REVIEW_PENDING	REVIEW_PENDING	REVIEW_PENDING	REGISTRY_CLASS_AND_COUNT_VERIFIED_ONLY	REVIEW_PENDING	REVIEW_PENDING	REVIEW_PENDING	REVIEW_PENDING	Method semantics NOT audited; all mechanism owners and bypasses REVIEW_PENDING
net.minecraft.world.level.block.RootsBlock	2	minecraft:crimson_roots,minecraft:warped_roots	Block	BushBlock	BushBlock	BlockBehaviour	Block	P22	SOURCE_REVIEWED_INTEGRATION_PENDING	REFLECTION_OWNER_VERIFIED	https://github.com/hackersense/OptiFine-Source/blob/b77c5c6995874f6cf2755bc5234428906b337b75/1.21.1/net/minecraft/world/level/block/RootsBlock.java#L36	REVIEW_PENDING	REVIEW_PENDING	REVIEW_PENDING	Inherits Bush placement/survival/shape; polymorphic mayPlaceOn expands NYLIUM and SOUL_SOIL
net.minecraft.world.level.block.RotatedPillarBlock	52	SEE_REGISTRY_ARTIFACT	REVIEW_PENDING	REVIEW_PENDING	REVIEW_PENDING	REVIEW_PENDING	REVIEW_PENDING	REVIEW_PENDING	REVIEW_PENDING	REGISTRY_CLASS_AND_COUNT_VERIFIED_ONLY	REVIEW_PENDING	REVIEW_PENDING	REVIEW_PENDING	REVIEW_PENDING	Method semantics NOT audited; all mechanism owners and bypasses REVIEW_PENDING
net.minecraft.world.level.block.SaplingBlock	7	minecraft:acacia_sapling,minecraft:birch_sapling,minecraft:cherry_sapling,minecraft:dark_oak_sapling,minecraft:jungle_sapling,minecraft:oak_sapling,minecraft:spruce_sapling	Block	BushBlock	BushBlock	SaplingBlock	Block	P22,P30	SOURCE_REVIEWED_INTEGRATION_PENDING	REFLECTION_OWNER_VERIFIED	https://github.com/hackersense/OptiFine-Source/blob/b77c5c6995874f6cf2755bc5234428906b337b75/1.21.1/net/minecraft/world/level/block/SaplingBlock.java#L52	REVIEW_PENDING	REVIEW_PENDING	REVIEW_PENDING	Inherited Bush support/shape; sapling randomTick samples global above light then STAGE and TreeGrower; bonemeal alternative author; generation integration Phase8
net.minecraft.world.level.block.ScaffoldingBlock	1	SEE_REGISTRY_ARTIFACT	REVIEW_PENDING	REVIEW_PENDING	REVIEW_PENDING	REVIEW_PENDING	REVIEW_PENDING	REVIEW_PENDING	REVIEW_PENDING	REGISTRY_CLASS_AND_COUNT_VERIFIED_ONLY	REVIEW_PENDING	REVIEW_PENDING	REVIEW_PENDING	REVIEW_PENDING	Method semantics NOT audited; all mechanism owners and bypasses REVIEW_PENDING
net.minecraft.world.level.block.SculkBlock	1	SEE_REGISTRY_ARTIFACT	REVIEW_PENDING	REVIEW_PENDING	REVIEW_PENDING	REVIEW_PENDING	REVIEW_PENDING	REVIEW_PENDING	REVIEW_PENDING	REGISTRY_CLASS_AND_COUNT_VERIFIED_ONLY	REVIEW_PENDING	REVIEW_PENDING	REVIEW_PENDING	REVIEW_PENDING	Method semantics NOT audited; all mechanism owners and bypasses REVIEW_PENDING
net.minecraft.world.level.block.SculkCatalystBlock	1	SEE_REGISTRY_ARTIFACT	REVIEW_PENDING	REVIEW_PENDING	REVIEW_PENDING	REVIEW_PENDING	REVIEW_PENDING	REVIEW_PENDING	REVIEW_PENDING	REGISTRY_CLASS_AND_COUNT_VERIFIED_ONLY	REVIEW_PENDING	REVIEW_PENDING	REVIEW_PENDING	REVIEW_PENDING	Method semantics NOT audited; all mechanism owners and bypasses REVIEW_PENDING
net.minecraft.world.level.block.SculkSensorBlock	1	SEE_REGISTRY_ARTIFACT	REVIEW_PENDING	REVIEW_PENDING	REVIEW_PENDING	REVIEW_PENDING	REVIEW_PENDING	REVIEW_PENDING	REVIEW_PENDING	REGISTRY_CLASS_AND_COUNT_VERIFIED_ONLY	REVIEW_PENDING	REVIEW_PENDING	REVIEW_PENDING	REVIEW_PENDING	Method semantics NOT audited; all mechanism owners and bypasses REVIEW_PENDING
net.minecraft.world.level.block.SculkShriekerBlock	1	SEE_REGISTRY_ARTIFACT	REVIEW_PENDING	REVIEW_PENDING	REVIEW_PENDING	REVIEW_PENDING	REVIEW_PENDING	REVIEW_PENDING	REVIEW_PENDING	REGISTRY_CLASS_AND_COUNT_VERIFIED_ONLY	REVIEW_PENDING	REVIEW_PENDING	REVIEW_PENDING	REVIEW_PENDING	Method semantics NOT audited; all mechanism owners and bypasses REVIEW_PENDING
net.minecraft.world.level.block.SculkVeinBlock	1	SEE_REGISTRY_ARTIFACT	REVIEW_PENDING	REVIEW_PENDING	REVIEW_PENDING	REVIEW_PENDING	REVIEW_PENDING	REVIEW_PENDING	REVIEW_PENDING	REGISTRY_CLASS_AND_COUNT_VERIFIED_ONLY	REVIEW_PENDING	REVIEW_PENDING	REVIEW_PENDING	REVIEW_PENDING	Method semantics NOT audited; all mechanism owners and bypasses REVIEW_PENDING
net.minecraft.world.level.block.SeagrassBlock	1	minecraft:seagrass	SeagrassBlock	BushBlock	SeagrassBlock	BlockBehaviour	Block	P20,P22,P24	SOURCE_REVIEWED_INTEGRATION_PENDING	REFLECTION_OWNER_VERIFIED	https://github.com/hackersense/OptiFine-Source/blob/b77c5c6995874f6cf2755bc5234428906b337b75/1.21.1/net/minecraft/world/level/block/SeagrassBlock.java#L49	REVIEW_PENDING	REVIEW_PENDING	REVIEW_PENDING	Bush local-down support with sturdy UP and !MAGMA; own full-water fluid-gated placement and updateShape schedules WATER tick; bonemeal authors TALL_SEAGRASS upper at global above
net.minecraft.world.level.block.SeaPickleBlock	1	SEE_REGISTRY_ARTIFACT	REVIEW_PENDING	REVIEW_PENDING	REVIEW_PENDING	REVIEW_PENDING	REVIEW_PENDING	REVIEW_PENDING	REVIEW_PENDING	REGISTRY_CLASS_AND_COUNT_VERIFIED_ONLY	REVIEW_PENDING	REVIEW_PENDING	REVIEW_PENDING	REVIEW_PENDING	Method semantics NOT audited; all mechanism owners and bypasses REVIEW_PENDING
net.minecraft.world.level.block.ShulkerBoxBlock	17	SEE_REGISTRY_ARTIFACT	REVIEW_PENDING	REVIEW_PENDING	REVIEW_PENDING	REVIEW_PENDING	REVIEW_PENDING	REVIEW_PENDING	REVIEW_PENDING	REGISTRY_CLASS_AND_COUNT_VERIFIED_ONLY	REVIEW_PENDING	REVIEW_PENDING	REVIEW_PENDING	REVIEW_PENDING	Method semantics NOT audited; all mechanism owners and bypasses REVIEW_PENDING
net.minecraft.world.level.block.SkullBlock	5	SEE_REGISTRY_ARTIFACT	REVIEW_PENDING	REVIEW_PENDING	REVIEW_PENDING	REVIEW_PENDING	REVIEW_PENDING	REVIEW_PENDING	REVIEW_PENDING	REGISTRY_CLASS_AND_COUNT_VERIFIED_ONLY	REVIEW_PENDING	REVIEW_PENDING	REVIEW_PENDING	REVIEW_PENDING	Method semantics NOT audited; all mechanism owners and bypasses REVIEW_PENDING
net.minecraft.world.level.block.SlabBlock	56	SEE_REGISTRY_ARTIFACT	REVIEW_PENDING	REVIEW_PENDING	REVIEW_PENDING	REVIEW_PENDING	REVIEW_PENDING	REVIEW_PENDING	REVIEW_PENDING	REGISTRY_CLASS_AND_COUNT_VERIFIED_ONLY	REVIEW_PENDING	REVIEW_PENDING	REVIEW_PENDING	REVIEW_PENDING	Method semantics NOT audited; all mechanism owners and bypasses REVIEW_PENDING
net.minecraft.world.level.block.SlimeBlock	1	SEE_REGISTRY_ARTIFACT	REVIEW_PENDING	REVIEW_PENDING	REVIEW_PENDING	REVIEW_PENDING	REVIEW_PENDING	REVIEW_PENDING	REVIEW_PENDING	REGISTRY_CLASS_AND_COUNT_VERIFIED_ONLY	REVIEW_PENDING	REVIEW_PENDING	REVIEW_PENDING	REVIEW_PENDING	Method semantics NOT audited; all mechanism owners and bypasses REVIEW_PENDING
net.minecraft.world.level.block.SmallDripleafBlock	1	minecraft:small_dripleaf	SmallDripleafBlock	SmallDripleafBlock	SmallDripleafBlock	BlockBehaviour	SmallDripleafBlock	P08,P20,P22,P23,P30	SOURCE_REVIEWED_INTEGRATION_PENDING	REFLECTION_OWNER_VERIFIED	https://github.com/hackersense/OptiFine-Source/blob/b77c5c6995874f6cf2755bc5234428906b337b75/1.21.1/net/minecraft/world/level/block/SmallDripleafBlock.java#L66	REVIEW_PENDING	REVIEW_PENDING	REVIEW_PENDING	Soil or water source support; FACING; double placement; fluid tick; bonemeal transformation
net.minecraft.world.level.block.SmithingTableBlock	1	SEE_REGISTRY_ARTIFACT	REVIEW_PENDING	REVIEW_PENDING	REVIEW_PENDING	REVIEW_PENDING	REVIEW_PENDING	REVIEW_PENDING	REVIEW_PENDING	REGISTRY_CLASS_AND_COUNT_VERIFIED_ONLY	REVIEW_PENDING	REVIEW_PENDING	REVIEW_PENDING	REVIEW_PENDING	Method semantics NOT audited; all mechanism owners and bypasses REVIEW_PENDING
net.minecraft.world.level.block.SmokerBlock	1	SEE_REGISTRY_ARTIFACT	REVIEW_PENDING	REVIEW_PENDING	REVIEW_PENDING	REVIEW_PENDING	REVIEW_PENDING	REVIEW_PENDING	REVIEW_PENDING	REGISTRY_CLASS_AND_COUNT_VERIFIED_ONLY	REVIEW_PENDING	REVIEW_PENDING	REVIEW_PENDING	REVIEW_PENDING	Method semantics NOT audited; all mechanism owners and bypasses REVIEW_PENDING
net.minecraft.world.level.block.SnifferEggBlock	1	SEE_REGISTRY_ARTIFACT	REVIEW_PENDING	REVIEW_PENDING	REVIEW_PENDING	REVIEW_PENDING	REVIEW_PENDING	REVIEW_PENDING	REVIEW_PENDING	REGISTRY_CLASS_AND_COUNT_VERIFIED_ONLY	REVIEW_PENDING	REVIEW_PENDING	REVIEW_PENDING	REVIEW_PENDING	Method semantics NOT audited; all mechanism owners and bypasses REVIEW_PENDING
net.minecraft.world.level.block.SnowLayerBlock	1	SEE_REGISTRY_ARTIFACT	REVIEW_PENDING	REVIEW_PENDING	REVIEW_PENDING	REVIEW_PENDING	REVIEW_PENDING	REVIEW_PENDING	REVIEW_PENDING	REGISTRY_CLASS_AND_COUNT_VERIFIED_ONLY	REVIEW_PENDING	REVIEW_PENDING	REVIEW_PENDING	REVIEW_PENDING	Method semantics NOT audited; all mechanism owners and bypasses REVIEW_PENDING
net.minecraft.world.level.block.SnowyDirtBlock	1	SEE_REGISTRY_ARTIFACT	REVIEW_PENDING	REVIEW_PENDING	REVIEW_PENDING	REVIEW_PENDING	REVIEW_PENDING	REVIEW_PENDING	REVIEW_PENDING	REGISTRY_CLASS_AND_COUNT_VERIFIED_ONLY	REVIEW_PENDING	REVIEW_PENDING	REVIEW_PENDING	REVIEW_PENDING	Method semantics NOT audited; all mechanism owners and bypasses REVIEW_PENDING
net.minecraft.world.level.block.SoulFireBlock	1	SEE_REGISTRY_ARTIFACT	REVIEW_PENDING	REVIEW_PENDING	REVIEW_PENDING	REVIEW_PENDING	REVIEW_PENDING	REVIEW_PENDING	REVIEW_PENDING	REGISTRY_CLASS_AND_COUNT_VERIFIED_ONLY	REVIEW_PENDING	REVIEW_PENDING	REVIEW_PENDING	REVIEW_PENDING	Method semantics NOT audited; all mechanism owners and bypasses REVIEW_PENDING
net.minecraft.world.level.block.SoulSandBlock	1	SEE_REGISTRY_ARTIFACT	REVIEW_PENDING	REVIEW_PENDING	REVIEW_PENDING	REVIEW_PENDING	REVIEW_PENDING	REVIEW_PENDING	REVIEW_PENDING	REGISTRY_CLASS_AND_COUNT_VERIFIED_ONLY	REVIEW_PENDING	REVIEW_PENDING	REVIEW_PENDING	REVIEW_PENDING	Method semantics NOT audited; all mechanism owners and bypasses REVIEW_PENDING
net.minecraft.world.level.block.SpawnerBlock	1	SEE_REGISTRY_ARTIFACT	REVIEW_PENDING	REVIEW_PENDING	REVIEW_PENDING	REVIEW_PENDING	REVIEW_PENDING	REVIEW_PENDING	REVIEW_PENDING	REGISTRY_CLASS_AND_COUNT_VERIFIED_ONLY	REVIEW_PENDING	REVIEW_PENDING	REVIEW_PENDING	REVIEW_PENDING	Method semantics NOT audited; all mechanism owners and bypasses REVIEW_PENDING
net.minecraft.world.level.block.SpongeBlock	1	SEE_REGISTRY_ARTIFACT	REVIEW_PENDING	REVIEW_PENDING	REVIEW_PENDING	REVIEW_PENDING	REVIEW_PENDING	REVIEW_PENDING	REVIEW_PENDING	REGISTRY_CLASS_AND_COUNT_VERIFIED_ONLY	REVIEW_PENDING	REVIEW_PENDING	REVIEW_PENDING	REVIEW_PENDING	Method semantics NOT audited; all mechanism owners and bypasses REVIEW_PENDING
net.minecraft.world.level.block.SporeBlossomBlock	1	SEE_REGISTRY_ARTIFACT	REVIEW_PENDING	REVIEW_PENDING	REVIEW_PENDING	REVIEW_PENDING	REVIEW_PENDING	REVIEW_PENDING	REVIEW_PENDING	REGISTRY_CLASS_AND_COUNT_VERIFIED_ONLY	REVIEW_PENDING	REVIEW_PENDING	REVIEW_PENDING	REVIEW_PENDING	Method semantics NOT audited; all mechanism owners and bypasses REVIEW_PENDING
net.minecraft.world.level.block.StainedGlassBlock	16	SEE_REGISTRY_ARTIFACT	REVIEW_PENDING	REVIEW_PENDING	REVIEW_PENDING	REVIEW_PENDING	REVIEW_PENDING	REVIEW_PENDING	REVIEW_PENDING	REGISTRY_CLASS_AND_COUNT_VERIFIED_ONLY	REVIEW_PENDING	REVIEW_PENDING	REVIEW_PENDING	REVIEW_PENDING	Method semantics NOT audited; all mechanism owners and bypasses REVIEW_PENDING
net.minecraft.world.level.block.StainedGlassPaneBlock	16	SEE_REGISTRY_ARTIFACT	REVIEW_PENDING	REVIEW_PENDING	REVIEW_PENDING	REVIEW_PENDING	REVIEW_PENDING	REVIEW_PENDING	REVIEW_PENDING	REGISTRY_CLASS_AND_COUNT_VERIFIED_ONLY	REVIEW_PENDING	REVIEW_PENDING	REVIEW_PENDING	REVIEW_PENDING	Method semantics NOT audited; all mechanism owners and bypasses REVIEW_PENDING
net.minecraft.world.level.block.StairBlock	52	SEE_REGISTRY_ARTIFACT	REVIEW_PENDING	REVIEW_PENDING	REVIEW_PENDING	REVIEW_PENDING	REVIEW_PENDING	REVIEW_PENDING	REVIEW_PENDING	REGISTRY_CLASS_AND_COUNT_VERIFIED_ONLY	REVIEW_PENDING	REVIEW_PENDING	REVIEW_PENDING	REVIEW_PENDING	Method semantics NOT audited; all mechanism owners and bypasses REVIEW_PENDING
net.minecraft.world.level.block.StandingSignBlock	11	SEE_REGISTRY_ARTIFACT	REVIEW_PENDING	REVIEW_PENDING	REVIEW_PENDING	REVIEW_PENDING	REVIEW_PENDING	REVIEW_PENDING	REVIEW_PENDING	REGISTRY_CLASS_AND_COUNT_VERIFIED_ONLY	REVIEW_PENDING	REVIEW_PENDING	REVIEW_PENDING	REVIEW_PENDING	Method semantics NOT audited; all mechanism owners and bypasses REVIEW_PENDING
net.minecraft.world.level.block.StemBlock	2	SEE_REGISTRY_ARTIFACT	REVIEW_PENDING	REVIEW_PENDING	REVIEW_PENDING	REVIEW_PENDING	REVIEW_PENDING	REVIEW_PENDING	REVIEW_PENDING	REGISTRY_CLASS_AND_COUNT_VERIFIED_ONLY	REVIEW_PENDING	REVIEW_PENDING	REVIEW_PENDING	REVIEW_PENDING	Method semantics NOT audited; all mechanism owners and bypasses REVIEW_PENDING
net.minecraft.world.level.block.StonecutterBlock	1	SEE_REGISTRY_ARTIFACT	REVIEW_PENDING	REVIEW_PENDING	REVIEW_PENDING	REVIEW_PENDING	REVIEW_PENDING	REVIEW_PENDING	REVIEW_PENDING	REGISTRY_CLASS_AND_COUNT_VERIFIED_ONLY	REVIEW_PENDING	REVIEW_PENDING	REVIEW_PENDING	REVIEW_PENDING	Method semantics NOT audited; all mechanism owners and bypasses REVIEW_PENDING
net.minecraft.world.level.block.StructureBlock	1	SEE_REGISTRY_ARTIFACT	REVIEW_PENDING	REVIEW_PENDING	REVIEW_PENDING	REVIEW_PENDING	REVIEW_PENDING	REVIEW_PENDING	REVIEW_PENDING	REGISTRY_CLASS_AND_COUNT_VERIFIED_ONLY	REVIEW_PENDING	REVIEW_PENDING	REVIEW_PENDING	REVIEW_PENDING	Method semantics NOT audited; all mechanism owners and bypasses REVIEW_PENDING
net.minecraft.world.level.block.StructureVoidBlock	1	SEE_REGISTRY_ARTIFACT	REVIEW_PENDING	REVIEW_PENDING	REVIEW_PENDING	REVIEW_PENDING	REVIEW_PENDING	REVIEW_PENDING	REVIEW_PENDING	REGISTRY_CLASS_AND_COUNT_VERIFIED_ONLY	REVIEW_PENDING	REVIEW_PENDING	REVIEW_PENDING	REVIEW_PENDING	Method semantics NOT audited; all mechanism owners and bypasses REVIEW_PENDING
net.minecraft.world.level.block.SugarCaneBlock	1	SEE_REGISTRY_ARTIFACT	REVIEW_PENDING	REVIEW_PENDING	REVIEW_PENDING	REVIEW_PENDING	REVIEW_PENDING	REVIEW_PENDING	REVIEW_PENDING	REGISTRY_CLASS_AND_COUNT_VERIFIED_ONLY	REVIEW_PENDING	REVIEW_PENDING	REVIEW_PENDING	REVIEW_PENDING	Method semantics NOT audited; all mechanism owners and bypasses REVIEW_PENDING
net.minecraft.world.level.block.SweetBerryBushBlock	1	minecraft:sweet_berry_bush	Block	BushBlock	BushBlock	SweetBerryBushBlock	Block	P22,P30,P34	SOURCE_REVIEWED_INTEGRATION_PENDING	REFLECTION_OWNER_VERIFIED	https://github.com/hackersense/OptiFine-Source/blob/b77c5c6995874f6cf2755bc5234428906b337b75/1.21.1/net/minecraft/world/level/block/SweetBerryBushBlock.java#L79	REVIEW_PENDING	REVIEW_PENDING	REVIEW_PENDING	Bush local-down support plus own randomTick light at global above, item-use bonemeal gate, no-item harvest, age, entityInside uses x/z world displacement (Phase7)
net.minecraft.world.level.block.TallFlowerBlock	4	minecraft:lilac,minecraft:peony,minecraft:rose_bush,minecraft:sunflower	DoublePlantBlock	DoublePlantBlock	DoublePlantBlock	BlockBehaviour	DoublePlantBlock	P20,P22,P34	SOURCE_REVIEWED_INTEGRATION_PENDING	REFLECTION_OWNER_VERIFIED	https://github.com/hackersense/OptiFine-Source/blob/b77c5c6995874f6cf2755bc5234428906b337b75/1.21.1/net/minecraft/world/level/block/TallFlowerBlock.java#L28	REVIEW_PENDING	REVIEW_PENDING	REVIEW_PENDING	DoublePlant lifecycle inherited; independent bonemeal loot interaction
net.minecraft.world.level.block.TallGrassBlock	2	minecraft:fern,minecraft:short_grass	Block	BushBlock	BushBlock	BlockBehaviour	Block	P20,P22,P30,P34	SOURCE_REVIEWED_INTEGRATION_PENDING	REFLECTION_OWNER_VERIFIED	https://github.com/hackersense/OptiFine-Source/blob/b77c5c6995874f6cf2755bc5234428906b337b75/1.21.1/net/minecraft/world/level/block/TallGrassBlock.java#L51	REVIEW_PENDING	REVIEW_PENDING	REVIEW_PENDING	Inherited Bush support; bonemeal checks physical above and calls DoublePlantBlock.placeAt; bypasses ordinary player BlockItem placement
net.minecraft.world.level.block.TallSeagrassBlock	1	minecraft:tall_seagrass	TallSeagrassBlock	TallSeagrassBlock	DoublePlantBlock	BlockBehaviour	DoublePlantBlock	P20,P22,P24	SOURCE_REVIEWED_INTEGRATION_PENDING	REFLECTION_OWNER_VERIFIED	https://github.com/hackersense/OptiFine-Source/blob/b77c5c6995874f6cf2755bc5234428906b337b75/1.21.1/net/minecraft/world/level/block/TallSeagrassBlock.java#L62	REVIEW_PENDING	REVIEW_PENDING	REVIEW_PENDING	Full water source requirement; sturdy supporting face; double plant pair
net.minecraft.world.level.block.TargetBlock	1	SEE_REGISTRY_ARTIFACT	REVIEW_PENDING	REVIEW_PENDING	REVIEW_PENDING	REVIEW_PENDING	REVIEW_PENDING	REVIEW_PENDING	REVIEW_PENDING	REGISTRY_CLASS_AND_COUNT_VERIFIED_ONLY	REVIEW_PENDING	REVIEW_PENDING	REVIEW_PENDING	REVIEW_PENDING	Method semantics NOT audited; all mechanism owners and bypasses REVIEW_PENDING
net.minecraft.world.level.block.TintedGlassBlock	1	SEE_REGISTRY_ARTIFACT	REVIEW_PENDING	REVIEW_PENDING	REVIEW_PENDING	REVIEW_PENDING	REVIEW_PENDING	REVIEW_PENDING	REVIEW_PENDING	REGISTRY_CLASS_AND_COUNT_VERIFIED_ONLY	REVIEW_PENDING	REVIEW_PENDING	REVIEW_PENDING	REVIEW_PENDING	Method semantics NOT audited; all mechanism owners and bypasses REVIEW_PENDING
net.minecraft.world.level.block.TntBlock	1	SEE_REGISTRY_ARTIFACT	REVIEW_PENDING	REVIEW_PENDING	REVIEW_PENDING	REVIEW_PENDING	REVIEW_PENDING	REVIEW_PENDING	REVIEW_PENDING	REGISTRY_CLASS_AND_COUNT_VERIFIED_ONLY	REVIEW_PENDING	REVIEW_PENDING	REVIEW_PENDING	REVIEW_PENDING	Method semantics NOT audited; all mechanism owners and bypasses REVIEW_PENDING
net.minecraft.world.level.block.TorchBlock	2	SEE_REGISTRY_ARTIFACT	REVIEW_PENDING	REVIEW_PENDING	REVIEW_PENDING	REVIEW_PENDING	REVIEW_PENDING	REVIEW_PENDING	REVIEW_PENDING	REGISTRY_CLASS_AND_COUNT_VERIFIED_ONLY	REVIEW_PENDING	REVIEW_PENDING	REVIEW_PENDING	REVIEW_PENDING	Method semantics NOT audited; all mechanism owners and bypasses REVIEW_PENDING
net.minecraft.world.level.block.TorchflowerCropBlock	1	minecraft:torchflower_crop	Block	CropBlock	BushBlock	TorchflowerCropBlock	Block	P22,P30,P34	SOURCE_REVIEWED_INTEGRATION_PENDING	REFLECTION_OWNER_VERIFIED	https://github.com/hackersense/OptiFine-Source/blob/b77c5c6995874f6cf2755bc5234428906b337b75/1.21.1/net/minecraft/world/level/block/TorchflowerCropBlock.java#L73	REVIEW_PENDING	REVIEW_PENDING	REVIEW_PENDING	Own random tick gate; age 2 replaces crop with torchflower block
net.minecraft.world.level.block.TransparentBlock	1	SEE_REGISTRY_ARTIFACT	REVIEW_PENDING	REVIEW_PENDING	REVIEW_PENDING	REVIEW_PENDING	REVIEW_PENDING	REVIEW_PENDING	REVIEW_PENDING	REGISTRY_CLASS_AND_COUNT_VERIFIED_ONLY	REVIEW_PENDING	REVIEW_PENDING	REVIEW_PENDING	REVIEW_PENDING	Method semantics NOT audited; all mechanism owners and bypasses REVIEW_PENDING
net.minecraft.world.level.block.TrapDoorBlock	16	SEE_REGISTRY_ARTIFACT	REVIEW_PENDING	REVIEW_PENDING	REVIEW_PENDING	REVIEW_PENDING	REVIEW_PENDING	REVIEW_PENDING	REVIEW_PENDING	REGISTRY_CLASS_AND_COUNT_VERIFIED_ONLY	REVIEW_PENDING	REVIEW_PENDING	REVIEW_PENDING	REVIEW_PENDING	Method semantics NOT audited; all mechanism owners and bypasses REVIEW_PENDING
net.minecraft.world.level.block.TrappedChestBlock	1	SEE_REGISTRY_ARTIFACT	REVIEW_PENDING	REVIEW_PENDING	REVIEW_PENDING	REVIEW_PENDING	REVIEW_PENDING	REVIEW_PENDING	REVIEW_PENDING	REGISTRY_CLASS_AND_COUNT_VERIFIED_ONLY	REVIEW_PENDING	REVIEW_PENDING	REVIEW_PENDING	REVIEW_PENDING	Method semantics NOT audited; all mechanism owners and bypasses REVIEW_PENDING
net.minecraft.world.level.block.TrialSpawnerBlock	1	SEE_REGISTRY_ARTIFACT	REVIEW_PENDING	REVIEW_PENDING	REVIEW_PENDING	REVIEW_PENDING	REVIEW_PENDING	REVIEW_PENDING	REVIEW_PENDING	REGISTRY_CLASS_AND_COUNT_VERIFIED_ONLY	REVIEW_PENDING	REVIEW_PENDING	REVIEW_PENDING	REVIEW_PENDING	Method semantics NOT audited; all mechanism owners and bypasses REVIEW_PENDING
net.minecraft.world.level.block.TripWireBlock	1	SEE_REGISTRY_ARTIFACT	REVIEW_PENDING	REVIEW_PENDING	REVIEW_PENDING	REVIEW_PENDING	REVIEW_PENDING	REVIEW_PENDING	REVIEW_PENDING	REGISTRY_CLASS_AND_COUNT_VERIFIED_ONLY	REVIEW_PENDING	REVIEW_PENDING	REVIEW_PENDING	REVIEW_PENDING	Method semantics NOT audited; all mechanism owners and bypasses REVIEW_PENDING
net.minecraft.world.level.block.TripWireHookBlock	1	SEE_REGISTRY_ARTIFACT	REVIEW_PENDING	REVIEW_PENDING	REVIEW_PENDING	REVIEW_PENDING	REVIEW_PENDING	REVIEW_PENDING	REVIEW_PENDING	REGISTRY_CLASS_AND_COUNT_VERIFIED_ONLY	REVIEW_PENDING	REVIEW_PENDING	REVIEW_PENDING	REVIEW_PENDING	Method semantics NOT audited; all mechanism owners and bypasses REVIEW_PENDING
net.minecraft.world.level.block.TurtleEggBlock	1	SEE_REGISTRY_ARTIFACT	REVIEW_PENDING	REVIEW_PENDING	REVIEW_PENDING	REVIEW_PENDING	REVIEW_PENDING	REVIEW_PENDING	REVIEW_PENDING	REGISTRY_CLASS_AND_COUNT_VERIFIED_ONLY	REVIEW_PENDING	REVIEW_PENDING	REVIEW_PENDING	REVIEW_PENDING	Method semantics NOT audited; all mechanism owners and bypasses REVIEW_PENDING
net.minecraft.world.level.block.TwistingVinesBlock	1	SEE_REGISTRY_ARTIFACT	REVIEW_PENDING	REVIEW_PENDING	REVIEW_PENDING	REVIEW_PENDING	REVIEW_PENDING	REVIEW_PENDING	REVIEW_PENDING	REGISTRY_CLASS_AND_COUNT_VERIFIED_ONLY	REVIEW_PENDING	REVIEW_PENDING	REVIEW_PENDING	REVIEW_PENDING	Method semantics NOT audited; all mechanism owners and bypasses REVIEW_PENDING
net.minecraft.world.level.block.TwistingVinesPlantBlock	1	SEE_REGISTRY_ARTIFACT	REVIEW_PENDING	REVIEW_PENDING	REVIEW_PENDING	REVIEW_PENDING	REVIEW_PENDING	REVIEW_PENDING	REVIEW_PENDING	REGISTRY_CLASS_AND_COUNT_VERIFIED_ONLY	REVIEW_PENDING	REVIEW_PENDING	REVIEW_PENDING	REVIEW_PENDING	Method semantics NOT audited; all mechanism owners and bypasses REVIEW_PENDING
net.minecraft.world.level.block.VaultBlock	1	SEE_REGISTRY_ARTIFACT	REVIEW_PENDING	REVIEW_PENDING	REVIEW_PENDING	REVIEW_PENDING	REVIEW_PENDING	REVIEW_PENDING	REVIEW_PENDING	REGISTRY_CLASS_AND_COUNT_VERIFIED_ONLY	REVIEW_PENDING	REVIEW_PENDING	REVIEW_PENDING	REVIEW_PENDING	Method semantics NOT audited; all mechanism owners and bypasses REVIEW_PENDING
net.minecraft.world.level.block.VineBlock	1	SEE_REGISTRY_ARTIFACT	REVIEW_PENDING	REVIEW_PENDING	REVIEW_PENDING	REVIEW_PENDING	REVIEW_PENDING	REVIEW_PENDING	REVIEW_PENDING	REGISTRY_CLASS_AND_COUNT_VERIFIED_ONLY	REVIEW_PENDING	REVIEW_PENDING	REVIEW_PENDING	REVIEW_PENDING	Method semantics NOT audited; all mechanism owners and bypasses REVIEW_PENDING
net.minecraft.world.level.block.WallBannerBlock	16	SEE_REGISTRY_ARTIFACT	REVIEW_PENDING	REVIEW_PENDING	REVIEW_PENDING	REVIEW_PENDING	REVIEW_PENDING	REVIEW_PENDING	REVIEW_PENDING	REGISTRY_CLASS_AND_COUNT_VERIFIED_ONLY	REVIEW_PENDING	REVIEW_PENDING	REVIEW_PENDING	REVIEW_PENDING	Method semantics NOT audited; all mechanism owners and bypasses REVIEW_PENDING
net.minecraft.world.level.block.WallBlock	25	SEE_REGISTRY_ARTIFACT	REVIEW_PENDING	REVIEW_PENDING	REVIEW_PENDING	REVIEW_PENDING	REVIEW_PENDING	REVIEW_PENDING	REVIEW_PENDING	REGISTRY_CLASS_AND_COUNT_VERIFIED_ONLY	REVIEW_PENDING	REVIEW_PENDING	REVIEW_PENDING	REVIEW_PENDING	Method semantics NOT audited; all mechanism owners and bypasses REVIEW_PENDING
net.minecraft.world.level.block.WallHangingSignBlock	11	SEE_REGISTRY_ARTIFACT	REVIEW_PENDING	REVIEW_PENDING	REVIEW_PENDING	REVIEW_PENDING	REVIEW_PENDING	REVIEW_PENDING	REVIEW_PENDING	REGISTRY_CLASS_AND_COUNT_VERIFIED_ONLY	REVIEW_PENDING	REVIEW_PENDING	REVIEW_PENDING	REVIEW_PENDING	Method semantics NOT audited; all mechanism owners and bypasses REVIEW_PENDING
net.minecraft.world.level.block.WallSignBlock	11	SEE_REGISTRY_ARTIFACT	REVIEW_PENDING	REVIEW_PENDING	REVIEW_PENDING	REVIEW_PENDING	REVIEW_PENDING	REVIEW_PENDING	REVIEW_PENDING	REGISTRY_CLASS_AND_COUNT_VERIFIED_ONLY	REVIEW_PENDING	REVIEW_PENDING	REVIEW_PENDING	REVIEW_PENDING	Method semantics NOT audited; all mechanism owners and bypasses REVIEW_PENDING
net.minecraft.world.level.block.WallSkullBlock	4	SEE_REGISTRY_ARTIFACT	REVIEW_PENDING	REVIEW_PENDING	REVIEW_PENDING	REVIEW_PENDING	REVIEW_PENDING	REVIEW_PENDING	REVIEW_PENDING	REGISTRY_CLASS_AND_COUNT_VERIFIED_ONLY	REVIEW_PENDING	REVIEW_PENDING	REVIEW_PENDING	REVIEW_PENDING	Method semantics NOT audited; all mechanism owners and bypasses REVIEW_PENDING
net.minecraft.world.level.block.WallTorchBlock	2	SEE_REGISTRY_ARTIFACT	REVIEW_PENDING	REVIEW_PENDING	REVIEW_PENDING	REVIEW_PENDING	REVIEW_PENDING	REVIEW_PENDING	REVIEW_PENDING	REGISTRY_CLASS_AND_COUNT_VERIFIED_ONLY	REVIEW_PENDING	REVIEW_PENDING	REVIEW_PENDING	REVIEW_PENDING	Method semantics NOT audited; all mechanism owners and bypasses REVIEW_PENDING
net.minecraft.world.level.block.WaterlilyBlock	1	SEE_REGISTRY_ARTIFACT	REVIEW_PENDING	REVIEW_PENDING	REVIEW_PENDING	REVIEW_PENDING	REVIEW_PENDING	REVIEW_PENDING	REVIEW_PENDING	REGISTRY_CLASS_AND_COUNT_VERIFIED_ONLY	REVIEW_PENDING	REVIEW_PENDING	REVIEW_PENDING	REVIEW_PENDING	Method semantics NOT audited; all mechanism owners and bypasses REVIEW_PENDING
net.minecraft.world.level.block.WaterloggedTransparentBlock	4	SEE_REGISTRY_ARTIFACT	REVIEW_PENDING	REVIEW_PENDING	REVIEW_PENDING	REVIEW_PENDING	REVIEW_PENDING	REVIEW_PENDING	REVIEW_PENDING	REGISTRY_CLASS_AND_COUNT_VERIFIED_ONLY	REVIEW_PENDING	REVIEW_PENDING	REVIEW_PENDING	REVIEW_PENDING	Method semantics NOT audited; all mechanism owners and bypasses REVIEW_PENDING
net.minecraft.world.level.block.WeatheringCopperBulbBlock	4	SEE_REGISTRY_ARTIFACT	REVIEW_PENDING	REVIEW_PENDING	REVIEW_PENDING	REVIEW_PENDING	REVIEW_PENDING	REVIEW_PENDING	REVIEW_PENDING	REGISTRY_CLASS_AND_COUNT_VERIFIED_ONLY	REVIEW_PENDING	REVIEW_PENDING	REVIEW_PENDING	REVIEW_PENDING	Method semantics NOT audited; all mechanism owners and bypasses REVIEW_PENDING
net.minecraft.world.level.block.WeatheringCopperDoorBlock	4	SEE_REGISTRY_ARTIFACT	REVIEW_PENDING	REVIEW_PENDING	REVIEW_PENDING	REVIEW_PENDING	REVIEW_PENDING	REVIEW_PENDING	REVIEW_PENDING	REGISTRY_CLASS_AND_COUNT_VERIFIED_ONLY	REVIEW_PENDING	REVIEW_PENDING	REVIEW_PENDING	REVIEW_PENDING	Method semantics NOT audited; all mechanism owners and bypasses REVIEW_PENDING
net.minecraft.world.level.block.WeatheringCopperFullBlock	12	SEE_REGISTRY_ARTIFACT	REVIEW_PENDING	REVIEW_PENDING	REVIEW_PENDING	REVIEW_PENDING	REVIEW_PENDING	REVIEW_PENDING	REVIEW_PENDING	REGISTRY_CLASS_AND_COUNT_VERIFIED_ONLY	REVIEW_PENDING	REVIEW_PENDING	REVIEW_PENDING	REVIEW_PENDING	Method semantics NOT audited; all mechanism owners and bypasses REVIEW_PENDING
net.minecraft.world.level.block.WeatheringCopperGrateBlock	4	SEE_REGISTRY_ARTIFACT	REVIEW_PENDING	REVIEW_PENDING	REVIEW_PENDING	REVIEW_PENDING	REVIEW_PENDING	REVIEW_PENDING	REVIEW_PENDING	REGISTRY_CLASS_AND_COUNT_VERIFIED_ONLY	REVIEW_PENDING	REVIEW_PENDING	REVIEW_PENDING	REVIEW_PENDING	Method semantics NOT audited; all mechanism owners and bypasses REVIEW_PENDING
net.minecraft.world.level.block.WeatheringCopperSlabBlock	4	SEE_REGISTRY_ARTIFACT	REVIEW_PENDING	REVIEW_PENDING	REVIEW_PENDING	REVIEW_PENDING	REVIEW_PENDING	REVIEW_PENDING	REVIEW_PENDING	REGISTRY_CLASS_AND_COUNT_VERIFIED_ONLY	REVIEW_PENDING	REVIEW_PENDING	REVIEW_PENDING	REVIEW_PENDING	Method semantics NOT audited; all mechanism owners and bypasses REVIEW_PENDING
net.minecraft.world.level.block.WeatheringCopperStairBlock	4	SEE_REGISTRY_ARTIFACT	REVIEW_PENDING	REVIEW_PENDING	REVIEW_PENDING	REVIEW_PENDING	REVIEW_PENDING	REVIEW_PENDING	REVIEW_PENDING	REGISTRY_CLASS_AND_COUNT_VERIFIED_ONLY	REVIEW_PENDING	REVIEW_PENDING	REVIEW_PENDING	REVIEW_PENDING	Method semantics NOT audited; all mechanism owners and bypasses REVIEW_PENDING
net.minecraft.world.level.block.WeatheringCopperTrapDoorBlock	4	SEE_REGISTRY_ARTIFACT	REVIEW_PENDING	REVIEW_PENDING	REVIEW_PENDING	REVIEW_PENDING	REVIEW_PENDING	REVIEW_PENDING	REVIEW_PENDING	REGISTRY_CLASS_AND_COUNT_VERIFIED_ONLY	REVIEW_PENDING	REVIEW_PENDING	REVIEW_PENDING	REVIEW_PENDING	Method semantics NOT audited; all mechanism owners and bypasses REVIEW_PENDING
net.minecraft.world.level.block.WebBlock	1	SEE_REGISTRY_ARTIFACT	REVIEW_PENDING	REVIEW_PENDING	REVIEW_PENDING	REVIEW_PENDING	REVIEW_PENDING	REVIEW_PENDING	REVIEW_PENDING	REGISTRY_CLASS_AND_COUNT_VERIFIED_ONLY	REVIEW_PENDING	REVIEW_PENDING	REVIEW_PENDING	REVIEW_PENDING	Method semantics NOT audited; all mechanism owners and bypasses REVIEW_PENDING
net.minecraft.world.level.block.WeepingVinesBlock	1	SEE_REGISTRY_ARTIFACT	REVIEW_PENDING	REVIEW_PENDING	REVIEW_PENDING	REVIEW_PENDING	REVIEW_PENDING	REVIEW_PENDING	REVIEW_PENDING	REGISTRY_CLASS_AND_COUNT_VERIFIED_ONLY	REVIEW_PENDING	REVIEW_PENDING	REVIEW_PENDING	REVIEW_PENDING	Method semantics NOT audited; all mechanism owners and bypasses REVIEW_PENDING
net.minecraft.world.level.block.WeepingVinesPlantBlock	1	SEE_REGISTRY_ARTIFACT	REVIEW_PENDING	REVIEW_PENDING	REVIEW_PENDING	REVIEW_PENDING	REVIEW_PENDING	REVIEW_PENDING	REVIEW_PENDING	REGISTRY_CLASS_AND_COUNT_VERIFIED_ONLY	REVIEW_PENDING	REVIEW_PENDING	REVIEW_PENDING	REVIEW_PENDING	Method semantics NOT audited; all mechanism owners and bypasses REVIEW_PENDING
net.minecraft.world.level.block.WeightedPressurePlateBlock	2	SEE_REGISTRY_ARTIFACT	REVIEW_PENDING	REVIEW_PENDING	REVIEW_PENDING	REVIEW_PENDING	REVIEW_PENDING	REVIEW_PENDING	REVIEW_PENDING	REGISTRY_CLASS_AND_COUNT_VERIFIED_ONLY	REVIEW_PENDING	REVIEW_PENDING	REVIEW_PENDING	REVIEW_PENDING	Method semantics NOT audited; all mechanism owners and bypasses REVIEW_PENDING
net.minecraft.world.level.block.WetSpongeBlock	1	SEE_REGISTRY_ARTIFACT	REVIEW_PENDING	REVIEW_PENDING	REVIEW_PENDING	REVIEW_PENDING	REVIEW_PENDING	REVIEW_PENDING	REVIEW_PENDING	REGISTRY_CLASS_AND_COUNT_VERIFIED_ONLY	REVIEW_PENDING	REVIEW_PENDING	REVIEW_PENDING	REVIEW_PENDING	Method semantics NOT audited; all mechanism owners and bypasses REVIEW_PENDING
net.minecraft.world.level.block.WitherRoseBlock	1	minecraft:wither_rose	Block	BushBlock	BushBlock	BlockBehaviour	Block	P22	SOURCE_REVIEWED_INTEGRATION_PENDING	REFLECTION_OWNER_VERIFIED	https://github.com/hackersense/OptiFine-Source/blob/b77c5c6995874f6cf2755bc5234428906b337b75/1.21.1/net/minecraft/world/level/block/WitherRoseBlock.java#L48	REVIEW_PENDING	REVIEW_PENDING	REVIEW_PENDING	Inherits FlowerBlock and Bush lifecycle; extends substrate predicate for NETHERRACK SOUL_SAND SOUL_SOIL; entityInside status effect is cross-phase entity behavior
net.minecraft.world.level.block.WitherSkullBlock	1	SEE_REGISTRY_ARTIFACT	REVIEW_PENDING	REVIEW_PENDING	REVIEW_PENDING	REVIEW_PENDING	REVIEW_PENDING	REVIEW_PENDING	REVIEW_PENDING	REGISTRY_CLASS_AND_COUNT_VERIFIED_ONLY	REVIEW_PENDING	REVIEW_PENDING	REVIEW_PENDING	REVIEW_PENDING	Method semantics NOT audited; all mechanism owners and bypasses REVIEW_PENDING
net.minecraft.world.level.block.WitherWallSkullBlock	1	SEE_REGISTRY_ARTIFACT	REVIEW_PENDING	REVIEW_PENDING	REVIEW_PENDING	REVIEW_PENDING	REVIEW_PENDING	REVIEW_PENDING	REVIEW_PENDING	REGISTRY_CLASS_AND_COUNT_VERIFIED_ONLY	REVIEW_PENDING	REVIEW_PENDING	REVIEW_PENDING	REVIEW_PENDING	Method semantics NOT audited; all mechanism owners and bypasses REVIEW_PENDING
net.minecraft.world.level.block.WoolCarpetBlock	16	SEE_REGISTRY_ARTIFACT	REVIEW_PENDING	REVIEW_PENDING	REVIEW_PENDING	REVIEW_PENDING	REVIEW_PENDING	REVIEW_PENDING	REVIEW_PENDING	REGISTRY_CLASS_AND_COUNT_VERIFIED_ONLY	REVIEW_PENDING	REVIEW_PENDING	REVIEW_PENDING	REVIEW_PENDING	Method semantics NOT audited; all mechanism owners and bypasses REVIEW_PENDING
